Country Name,Country Code,Indicator Name,Indicator Code,1990,1991,1992,1993,1994,1995,1996,1997,1998,1999,2000,2001,2002,2003,2004,2005,2006,2007,2008,2009,2010,2011,2012,2013,2014,2015,2016,2017,2018,2019
Africa Eastern and Southern,AFE,CO2 emissions (kt),EN.ATM.CO2E.KT,304354.8827,298735.4356,295090,303600,312160,327430,340070,356590,365690,351070,355920,393150,404210.0071,426379.9968,457599.9913,458459.9946,465440.0082,486179.997,519309.9901,501940.0115,529639.9974,521760.0099,543439.9993,565430.013,587699.9924,574029.995,578510.0157,587509.9923,590040.0053,603030.0162
Afghanistan,AFG,CO2 emissions (kt),EN.ATM.CO2E.KT,2380,2230,1390,1340,1290,1240,1180,1100,1040,810,760,730,1029.999971,1220.000029,1029.999971,1549.999952,1759.99999,1769.999981,3559.999943,4880.000114,7110.000134,8930.000305,8079.999924,5989.999771,4880.000114,5949.999809,5300.000191,4780.00021,6070.000172,6079.999924
Africa Western and Central,AFW,CO2 emissions (kt),EN.ATM.CO2E.KT,97925.79689,111479.4705,122740.5332,116094.9913,107217.436,117296.8446,135518.1059,135548.4073,130417.3648,133013.1875,141740,149460,141659.998,150990,150990.0027,155280.001,148879.9972,142610.0024,151339.9997,146719.9976,165489.9977,171780,177939.9958,193299.9976,201680.0019,198410.0025,206030.0013,204740.0005,211719.9993,220740
Angola,AGO,CO2 emissions (kt),EN.ATM.CO2E.KT,6560,6670,6880,9270,11300,12720,15440,16160,16770,17610,16200,15960,15689.99958,16760.00023,17450.00076,15810.00042,16559.99947,16969.99931,19280.00069,21149.99962,22799.99924,23870.00084,23870.00084,26959.99908,29629.99916,31649.99962,29760.00023,24250,23959.99908,25209.99908
Albania,ALB,CO2 emissions (kt),EN.ATM.CO2E.KT,5980,4060,2220,2060,2070,1930,1940,1470,1790,2970,3170,3230,3759.99999,4070.000172,4250,4030.00021,4010.000229,4139.999866,4079.999924,4219.99979,4449.999809,4849.999905,4360.000134,4440.000057,4820.000172,4619.999886,4480.000019,5139.999866,5110.000134,4829.999924
Andorra,AND,CO2 emissions (kt),EN.ATM.CO2E.KT,410,410,410,410,410,430,450,470,490,510,520,520,529.9999714,529.9999714,560.0000024,579.9999833,550.0000119,540.0000215,540.0000215,519.9999809,519.9999809,490.0000095,490.0000095,479.9999893,460.0000083,469.9999988,469.9999988,469.9999988,490.0000095,500
Arab World,ARB,CO2 emissions (kt),EN.ATM.CO2E.KT,636128.9932,638311.6162,692897.3074,746034.6222,790632.5502,814792.2757,843629.0505,884777.026,889715.5878,901624.4616,939191.7284,991061.7137,1024786.769,1055755.859,1112584.544,1188503.621,1251799.659,1303116.441,1408053.35,1455346.868,1541776.726,1574878.165,1683788.024,1713791.557,1771947.908,1818104.843,1838603.367,1858498.452,1836883.436,1886218.797
United Arab Emirates,ARE,CO2 emissions (kt),EN.ATM.CO2E.KT,55210,61560,59700,63620,70780,75170,78530,81440,83450,85680,84730,97200,99150.00153,103819.9997,110010.0021,116459.9991,121559.9976,131830.0018,156050.0031,157020.0043,162789.9933,165600.0061,175589.9963,184470.0012,184759.9945,195240.0055,201080.0018,197039.9933,177119.9951,188860.0006
Argentina,ARG,CO2 emissions (kt),EN.ATM.CO2E.KT,100320,105920,107930,110260,111910,112890,122550,126120,132670,134510,132270,125260,117470.0012,127660.0037,141380.0049,145990.0055,154899.9939,162809.9976,167229.9957,156570.0073,167220.0012,176639.9994,177960.0067,183250,179600.0061,185550.0031,183160.0037,179320.0073,176899.9939,168100.0061
Armenia,ARM,CO2 emissions (kt),EN.ATM.CO2E.KT,19850,20690,10900,5040,2740,3510,2580,3340,3470,3110,3560,3600,3119.999886,3500,3759.99999,4460.000038,4489.999771,5199.999809,5690.000057,4510.000229,4340.000153,4940.000057,5719.99979,5500,5480.000019,5340.000153,5070.000172,5369.999886,5710.000038,6170.000076
American Samoa,ASM,CO2 emissions (kt),EN.ATM.CO2E.KT,,,,,,,,,,,,,,,,,,,,,,,,,,,,,,
Antigua and Barbuda,ATG,CO2 emissions (kt),EN.ATM.CO2E.KT,210,220,290,250,250,270,280,290,320,330,330,350,389.9999857,409.9999964,400.000006,409.9999964,439.9999976,460.0000083,479.9999893,1389.999986,490.0000095,540.0000215,699.9999881,469.9999988,479.9999893,490.0000095,500,500,509.9999905,519.9999809
Australia,AUS,CO2 emissions (kt),EN.ATM.CO2E.KT,263630,264760,268400,273050,280180,290180,300810,307850,328620,333710,339450,345640,353369.9951,352579.9866,365809.9976,370089.9963,375489.9902,385750,388940.0024,395290.0085,387540.0085,386380.0049,386970.0012,380279.9988,371630.0049,377799.9878,384989.9902,389160.0037,387070.0073,386529.9988
Austria,AUT,CO2 emissions (kt),EN.ATM.CO2E.KT,58270,62420,57660,57800,58280,61180,64900,64220,64670,63050,63530,67910,69370.00275,74459.99908,75800.00305,76239.99786,74099.99847,71239.99786,70730.00336,64419.99817,69959.99908,68269.99664,65110.00061,65750,62049.99924,63240.00168,63680.00031,65860.00061,63060.00137,64769.99664
Azerbaijan,AZE,CO2 emissions (kt),EN.ATM.CO2E.KT,53480,52060,63610,48050,33520,32470,27190,26490,26490,26120,27690,26400,26180.00031,28569.99969,28309.99947,30040.00092,30489.99977,27629.99916,30450.00076,25500,24309.99947,27280.00069,30110.00061,30940.00053,32240.00168,31770.00046,32240.00168,31959.99908,32729.99954,35509.99832
Burundi,BDI,CO2 emissions (kt),EN.ATM.CO2E.KT,170,220,180,190,190,200,210,210,220,230,260,200,209.9999934,159.9999964,150.000006,150.000006,180.0000072,180.0000072,180.0000072,180.0000072,300.0000119,360.0000143,370.0000048,389.9999857,379.9999952,400.000006,439.9999976,529.9999714,689.9999976,720.0000286
Belgium,BEL,CO2 emissions (kt),EN.ATM.CO2E.KT,109310,113960,112330,110110,114900,114570,119450,116630,119410,115510,117270,118340,110849.9985,115500,114019.9966,110610.0006,108650.0015,104589.9963,106930.0003,99669.99817,106720.0012,96480.00336,95269.99664,96589.99634,90139.99939,95129.99725,94220.00122,92720.00122,93660.00366,93010.00214
Benin,BEN,CO2 emissions (kt),EN.ATM.CO2E.KT,330,270,280,290,280,300,970,1240,1210,1340,1420,1740,2180.000067,2440.000057,2650.000095,2900.000095,3470.000029,4000,4019.999981,4420.000076,4829.999924,4650.000095,4440.000057,4679.999828,5190.000057,5510.000229,6739.999771,6869.999886,7420.000076,7300.000191
Burkina Faso,BFA,CO2 emissions (kt),EN.ATM.CO2E.KT,500,510,520,530,540,570,630,690,760,890,940,970,959.9999785,1039.999962,1059.999943,1059.999943,1240.00001,1409.999967,1700.000048,1730.000019,2289.999962,2460.000038,2940.000057,3130.000114,3180.000067,3700.000048,3700.000048,4269.999981,4670.000076,5000
Bangladesh,BGD,CO2 emissions (kt),EN.ATM.CO2E.KT,11520,10830,11820,12570,13540,16550,16830,18970,19250,20110,21650,25780,27430.00031,28629.99916,30530.00069,32709.99908,35900.00153,37990.00168,41580.00183,44750,50580.00183,54419.99817,57990.00168,60599.99847,63830.00183,72190.00244,74379.99725,79339.99634,83449.99695,90739.99786
Bulgaria,BGR,CO2 emissions (kt),EN.ATM.CO2E.KT,73610,58830,55360,55930,53720,54880,55300,52990,50480,44320,43420,46190,43599.99847,47930.00031,47270.00046,47990.00168,48950.00076,52599.99847,50040.00092,42909.99985,44740.00168,49639.99939,45020.00046,39659.99985,42049.99924,44560.00137,41590.00015,43880.00107,40900.00153,39139.99939
Bahrain,BHR,CO2 emissions (kt),EN.ATM.CO2E.KT,10740,10350,12270,13070,13370,13540,14150,14420,15490,15450,15880,16390,17219.99931,17940.00053,17930.00031,20690.00053,22489.99977,23000,24760.00023,24719.99931,25969.99931,26020.00046,27170.00008,28850.00038,30280.00069,30579.99992,30299.99924,30520.00046,30809.99947,33259.99832
"Bahamas, The",BHS,CO2 emissions (kt),EN.ATM.CO2E.KT,1960,2040,2570,2090,2070,2200,2070,1870,2360,2320,2230,2220,2400.000095,2380.000114,2250,2109.999895,2099.999905,2119.999886,2200.000048,6170.000076,2079.999924,2569.999933,3549.999952,2809.999943,2519.999981,2210.000038,2039.999962,2170.000076,2799.999952,2839.999914
Bosnia and Herzegovina,BIH,CO2 emissions (kt),EN.ATM.CO2E.KT,23970,21440,15970,13400,3160,3370,4190,8490,10760,10520,13960,13760,14560.00042,14869.99989,15569.99969,16229.99954,17909.99985,18889.99939,20760.00023,20590.00015,20840.00015,23739.99977,21959.99908,21850.00038,19489.99977,19620.00084,22340.00015,22680.00031,22600.00038,21069.99969
Belarus,BLR,CO2 emissions (kt),EN.ATM.CO2E.KT,99830,96220,87990,76420,64810,57640,58650,59170,57260,54950,52940,51880,51840.00015,52700.00076,56040.00092,56779.99878,59119.99893,57650.00153,60529.99878,57400.00153,61669.99817,58549.99924,59939.99863,59990.00168,59500,54819.99969,55139.99939,56009.99832,58950.00076,57669.99817
Belize,BLZ,CO2 emissions (kt),EN.ATM.CO2E.KT,330,430,500,470,450,460,360,460,450,410,450,530,519.9999809,509.9999905,439.9999976,469.9999988,509.9999905,529.9999714,500,1460.000038,560.0000024,670.0000167,670.0000167,460.0000083,479.9999893,680.0000072,649.9999762,639.9999857,629.9999952,639.9999857
Bermuda,BMU,CO2 emissions (kt),EN.ATM.CO2E.KT,,,,,,,,,,,,,,,,,,,,,,,,,,,,,,
Bolivia,BOL,CO2 emissions (kt),EN.ATM.CO2E.KT,10410,10870,11150,10200,9520,8580,8290,9120,8670,8220,8210,8050,8300.000191,9079.999924,9489.999771,10050.00019,11229.99954,12079.99992,13109.99966,14000,15170.00008,16610.00061,17420.00008,18739.99977,20409.99985,20760.00023,22010.00023,22750,23229.99954,22340.00015
Brazil,BRA,CO2 emissions (kt),EN.ATM.CO2E.KT,197900,205480,207870,215260,222500,241280,262410,281330,290590,300960,313670,319380,317760.0098,310809.9976,328519.989,331690.0024,335619.9951,352559.9976,373630.0049,350000,397929.9927,418309.9976,454230.011,486839.9963,511619.9951,485339.9963,447079.9866,456489.9902,433989.9902,434299.9878
Barbados,BRB,CO2 emissions (kt),EN.ATM.CO2E.KT,980,980,1180,1000,1030,1070,1060,1160,1270,1300,1240,1310,1370.000005,1379.999995,1360.000014,1419.999957,1470.000029,1480.000019,1779.999971,4619.999886,1549.999952,1759.99999,2119.999886,1440.000057,1269.999981,1269.999981,1289.999962,1179.999948,1240.00001,1250
Brunei Darussalam,BRN,CO2 emissions (kt),EN.ATM.CO2E.KT,3260,3380,3590,3930,4270,4600,4830,5230,4520,4430,4720,4710,4619.999886,5519.999981,5099.999905,4989.999771,7519.999981,7139.999866,7909.999847,7869.999886,7170.000076,7329.999924,7300.000191,7210.000038,7079.999924,6400.000095,6969.99979,7289.999962,7539.999962,6989.999771
Bhutan,BTN,CO2 emissions (kt),EN.ATM.CO2E.KT,80,130,120,130,140,160,200,190,200,200,210,230,239.9999946,259.9999905,289.9999917,319.9999928,319.9999928,319.9999928,300.0000119,319.9999928,400.000006,589.9999738,639.9999857,670.0000167,699.9999881,769.9999809,930.0000072,970.0000286,1049.999952,1049.999952
Botswana,BWA,CO2 emissions (kt),EN.ATM.CO2E.KT,2810,2730,3300,3250,3080,3190,2920,3070,3680,3860,4030,3870,4030.00021,3920.000076,3970.000029,4280.00021,4090.000153,4320.000172,4389.999866,4190.000057,3369.999886,3880.000114,3410.000086,5420.000076,6989.999771,6949.999809,6630.000114,7329.999924,7309.999943,7250
Central African Republic,CAF,CO2 emissions (kt),EN.ATM.CO2E.KT,150,140,150,160,160,160,170,170,230,240,240,250,250,230.0000042,230.0000042,219.9999988,230.0000042,239.9999946,170.0000018,170.0000018,170.0000018,189.9999976,200.000003,119.9999973,129.9999952,189.9999976,209.9999934,219.9999988,230.0000042,239.9999946
Canada,CAN,CO2 emissions (kt),EN.ATM.CO2E.KT,419490,413300,426370,422050,436760,448050,461700,476820,484790,494280,514220,506620,524349.9756,544539.978,536419.9829,549030.0293,540530.0293,571630.0049,550469.9707,521320.0073,537010.0098,549289.978,546210.022,555659.9731,561679.9927,558700.0122,556830.0171,568080.0171,580090.0269,580210.022
Central Europe and the Baltics,CEB,CO2 emissions (kt),EN.ATM.CO2E.KT,989030,913110,848800,826270,804150,809670,833180,807300,759210,717330,709020,721100,706180.0017,735870.0085,735040.0066,733620.0037,751329.9971,758250.0057,740869.9799,683720.0065,707019.9957,707139.9913,680990.0031,654539.9818,633330.0147,643899.9887,655579.9861,679379.9868,673560.01,641570.004
Switzerland,CHE,CO2 emissions (kt),EN.ATM.CO2E.KT,43330,45670,45700,43450,42590,43440,44010,42750,44250,44530,43710,45150,43569.99969,44840.00015,45279.99878,45849.99847,45479.99954,43540.00092,44959.99908,43669.99817,45209.99908,41189.99863,42520.00046,43529.99878,39790.00092,39090.00015,39669.99817,38700.00076,37479.99954,37380.00107
Channel Islands,CHI,CO2 emissions (kt),EN.ATM.CO2E.KT,,,,,,,,,,,,,,,,,,,,,,,,,,,,,,
Chile,CHL,CO2 emissions (kt),EN.ATM.CO2E.KT,30520,29300,30320,32320,35640,38970,44900,51290,52010,54430,50420,48430,49119.99893,50200.00076,54970.00122,55970.00122,57150.00153,64569.99969,67989.99786,65449.99695,69750,76470.00122,78410.00366,83000,76559.99756,82230.00336,86489.99786,87069.99969,86610.00061,91370.00275
China,CHN,CO2 emissions (kt),EN.ATM.CO2E.KT,2173360,2302180,2418180,2645410,2767670,3088620,3070510,3134110,3236280,3153660,3346530,3529080,3810060.059,4415910.156,5124819.824,5824629.883,6437470.215,6993180.176,7199600.098,7719069.824,8474919.922,9282549.805,9541870.117,9984570.313,10006669.92,9861099.609,9874660.156,10096009.77,10502929.69,10707219.73
Cote d'Ivoire,CIV,CO2 emissions (kt),EN.ATM.CO2E.KT,2710,2790,2770,2960,3090,3370,4050,4970,4990,6830,6490,6490,6840.000153,5309.999943,5469.99979,5880.000114,5699.999809,5659.999847,6469.99979,6030.00021,6349.999905,6119.999886,8039.999962,8689.99958,9199.999809,9810.00042,9590.000153,10560.00042,10189.99958,10829.99992
Cameroon,CMR,CO2 emissions (kt),EN.ATM.CO2E.KT,2900,6970,6850,5770,4620,4680,4760,4860,5040,4790,5210,5160,5130.000114,5210.000038,5119.999886,5019.999981,5090.000153,6130.000114,6389.999866,7030.00021,7010.000229,6809.999943,6880.000114,7550.000191,8250,8460.000038,9079.999924,9170.000076,9590.000153,9430.000305
"Congo, Dem. Rep.",COD,CO2 emissions (kt),EN.ATM.CO2E.KT,3180,1740,1480,1900,2210,2110,2270,2270,2280,2090,1630,1570,1649.999976,2000,1940.000057,2210.000038,2279.999971,2470.000029,2549.999952,2500,2650.000095,3019.999981,2829.999924,3960.000038,5139.999866,3230.000019,2420.000076,2849.999905,3119.999886,3210.000038
"Congo, Rep.",COG,CO2 emissions (kt),EN.ATM.CO2E.KT,3200,3190,3130,2690,2060,2640,3170,3270,3880,3960,4350,4240,2759.99999,3230.000019,3519.999981,4309.999943,4780.00021,4150.000095,4360.000134,4840.000153,5420.000076,5380.000114,5260.000229,5329.999924,5190.000057,5659.999847,5500,5409.999847,6489.999771,7260.000229
Colombia,COL,CO2 emissions (kt),EN.ATM.CO2E.KT,48730,50440,52510,55880,56780,59310,58650,64190,64440,55400,58340,58940,56770.00046,56110.00061,56110.00061,57639.99939,57689.99863,59180.00031,59779.99878,62009.99832,63560.00137,69099.99847,69699.99695,76860.00061,79199.99695,80230.00336,82680.00031,74989.99786,78589.99634,81040.00092
Comoros,COM,CO2 emissions (kt),EN.ATM.CO2E.KT,70,70,70,70,70,80,80,80,90,100,100,110,109.9999994,140.0000006,150.000006,150.000006,170.0000018,109.9999994,109.9999994,140.0000006,170.0000018,150.000006,159.9999964,189.9999976,170.0000018,189.9999976,219.9999988,280.0000012,300.0000119,319.9999928
Cabo Verde,CPV,CO2 emissions (kt),EN.ATM.CO2E.KT,100,100,110,110,110,120,140,150,160,190,220,240,280.0000012,310.0000024,330.0000131,439.9999976,500,460.0000083,479.9999893,509.9999905,540.0000215,569.9999928,529.9999714,509.9999905,500,500,550.0000119,589.9999738,610.0000143,649.9999762
Costa Rica,CRI,CO2 emissions (kt),EN.ATM.CO2E.KT,2870,3060,4150,4180,4850,4810,4530,4490,5020,5030,4950,5420,5519.999981,5800.000191,5940.000057,6269.999981,6559.999943,7599.999905,7519.999981,7199.999809,7110.000134,7429.999828,7449.999809,7780.00021,7829.999924,7539.999962,8079.999924,8260.000229,8369.999886,8239.999771
Caribbean small states,CSS,CO2 emissions (kt),EN.ATM.CO2E.KT,27580,27900,29790,26790,25290,25830,26600,27490,29010,29220,28730,30480,31600.00039,34870.00008,35510.00002,37050.00049,40889.99981,41590.00033,39120.00042,47910.00104,38609.99896,40740.00049,42070.00041,40519.99916,40100.00075,39310.00008,37259.99959,36389.99979,37890.00021,37880.00078
Cuba,CUB,CO2 emissions (kt),EN.ATM.CO2E.KT,35620,27420,21770,20150,21720,23180,25200,27450,27110,28000,28350,27470,26420.00008,25629.99916,25360.00061,26319.99969,26780.00069,27680.00031,26750,26979.99954,28110.00061,27590.00015,28690.00053,28870.00084,26690.00053,29209.99908,27170.00008,26239.99977,26709.99908,25909.99985
Curacao,CUW,CO2 emissions (kt),EN.ATM.CO2E.KT,,,,,,,,,,,,,,,,,,,,,,,,,,,,,,
Cayman Islands,CYM,CO2 emissions (kt),EN.ATM.CO2E.KT,,,,,,,,,,,,,,,,,,,,,,,,,,,,,,
Cyprus,CYP,CO2 emissions (kt),EN.ATM.CO2E.KT,4590,5110,5480,5740,5980,5850,6210,6300,6610,6870,7130,6990,7170.000076,7829.999924,7780.00021,7900.000095,8000,8310.00042,8489.999771,8279.999733,7900.000095,7630.000114,7099.999905,6429.999828,6809.999943,6849.999905,7219.99979,7360.000134,7199.999809,7190.000057
Czechia,CZE,CO2 emissions (kt),EN.ATM.CO2E.KT,150200,136900,134140,130980,124710,125180,126740,124790,118920,111950,123170,122720,118529.9988,122769.9966,123440.0024,119989.9979,120599.9985,123620.0027,118309.9976,111169.9982,112250,109169.9982,106069.9997,101150.0015,97510.00214,99139.99939,101730.0034,101830.0018,100900.0015,96290.00092
Germany,DEU,CO2 emissions (kt),EN.ATM.CO2E.KT,955310,932550,892820,887060,875900,874660,904340,872650,865250,833590,830280,847680,833380.0049,836789.978,821070.0073,802380.0049,814409.9731,783799.9878,789690.0024,734809.9976,773070.0073,746479.9805,760130.0049,776150.0244,736010.0098,742309.9976,747150.0244,732200.0122,707700.0122,657400.0244
Djibouti,DJI,CO2 emissions (kt),EN.ATM.CO2E.KT,270,290,300,300,290,320,300,330,390,390,370,380,400.000006,409.9999964,400.000006,430.0000072,430.0000072,469.9999988,469.9999988,469.9999988,519.9999809,479.9999893,500,560.0000024,400.000006,460.0000083,419.9999869,419.9999869,400.000006,419.9999869
Dominica,DMA,CO2 emissions (kt),EN.ATM.CO2E.KT,60,60,80,80,80,100,80,100,110,110,130,150,119.9999973,140.0000006,159.9999964,159.9999964,170.0000018,180.0000072,180.0000072,500,180.0000072,180.0000072,250,170.0000018,180.0000072,180.0000072,180.0000072,170.0000018,170.0000018,170.0000018
Denmark,DNK,CO2 emissions (kt),EN.ATM.CO2E.KT,52090,62800,57030,59360,63200,60000,73340,63650,59710,56730,52600,54250,53840.00015,59229.99954,53729.99954,50200.00076,58130.00107,53409.99985,50130.00107,47930.00031,48119.99893,43099.99847,38220.00122,39959.99908,35819.99969,33700.00076,35319.99969,33130.00107,33130.00107,29700.00076
Dominican Republic,DOM,CO2 emissions (kt),EN.ATM.CO2E.KT,7860,8230,9620,9520,11140,11840,12730,14500,16620,17790,18670,18980,20879.99916,18729.99954,17280.00069,18690.00053,20370.00084,20629.99916,20579.99992,19659.99985,20680.00031,20909.99985,21680.00031,21290.00092,21450.00076,23590.00015,24590.00015,23549.99924,25309.99947,27229.99954
Algeria,DZA,CO2 emissions (kt),EN.ATM.CO2E.KT,62940,66430,66840,72220,73610,76440,76120,74430,74650,77510,80050,78650,82400.00153,88190.00244,89489.99786,94190.00244,99809.99756,102750,107750,112169.9982,114180.0003,120790.0009,134929.9927,139020.0043,147740.0055,156270.0043,154910.0037,158339.9963,165539.9933,171250
East Asia & Pacific (excluding high income),EAP,CO2 emissions (kt),EN.ATM.CO2E.KT,2672061.774,2830000.842,2957304.271,3217617.851,3372495.93,3754295.847,3779307.152,3884942.662,3965876.884,3920664.526,4137375.831,4361587.527,4672683.836,5333394.351,6100326.114,6832227.72,7474038.208,8068467.521,8306101.225,8812398.894,9648332.214,10510725.72,10805820.68,11254577.98,11353689.11,11270577.49,11308838.68,11613613.09,12156221.56,12491816.92
Early-demographic dividend,EAR,CO2 emissions (kt),EN.ATM.CO2E.KT,2616614.022,2742521.544,2816236.357,2915066.427,3050351.853,3186298.283,3343647.212,3507425.904,3614768.901,3731456.086,3873932.431,3968275.688,4089880.379,4258125.845,4487233.763,4678233.73,4932609.923,5227577.867,5427982.199,5589647.656,5865105.891,6092200.755,6393548.346,6466649.456,6795368.659,6855509.877,6962021.622,7236618.442,7405414.813,7452716.808
East Asia & Pacific,EAS,CO2 emissions (kt),EN.ATM.CO2E.KT,4510718.56,4720763.249,4894966.731,5200003.33,5454570.446,5905982.094,5985307.659,6115154.812,6106797.074,6140436.449,6453028.36,6698018.466,7058162.003,7756963.984,8586193.03,9349823.127,10010057.89,10693457.64,10888327.64,11372365.81,12346726.56,13329705.21,13682264,14151650.95,14186800.09,14088624.77,14132393.08,14457773.49,14982328.2,15275883.71
Europe & Central Asia (excluding high income),ECA,CO2 emissions (kt),EN.ATM.CO2E.KT,3845991.793,3738657.641,3513547.532,3205163.517,2844981.329,2751646.412,2659664.321,2522137.116,2520664.039,2515683.639,2582853.914,2570427.964,2604208.476,2712975.673,2712364.372,2728718.524,2840501.926,2897641.34,2936993.443,2709358.124,2846013.433,3003281.877,2967386.963,2916160.047,2824658.86,2752548.356,2784815.695,2845592.653,2926551.697,2942675.305
Europe & Central Asia,ECS,CO2 emissions (kt),EN.ATM.CO2E.KT,7975648.082,7854524.738,7507954.299,7121012.751,6745972.165,6699309.976,6724143.717,6498796.797,6497013.657,6439302.005,6517629.97,6575471.851,6587362.726,6798985.531,6805126.372,6798745.078,6920008.6,6919938.586,6869189.163,6349103.149,6589266.085,6603741.588,6535421.323,6401144.864,6119067.966,6089355.628,6113428.037,6177470.874,6189301.717,6055906.673
Ecuador,ECU,CO2 emissions (kt),EN.ATM.CO2E.KT,15420,15740,16850,16950,18800,20920,24000,24950,24470,21610,22050,24250,24170.00008,24659.99985,26180.00031,28219.99931,30129.99916,30639.99939,31690.00053,34500,37250,37099.99847,37090.00015,39700.00076,41799.99924,41520.00046,39810.00137,38549.99924,40139.99939,39290.00092
"Egypt, Arab Rep.",EGY,CO2 emissions (kt),EN.ATM.CO2E.KT,87750,89370,90900,92660,87900,93720,98940,106060,110980,116540,114610,126700,129440.0024,133020.0043,144500,162220.0012,170750,183399.9939,189940.0024,197660.0037,200309.9976,205770.0043,215000,213860.0006,219119.9951,226279.9988,231229.9957,242229.9957,247910.0037,249369.9951
Euro area,EMU,CO2 emissions (kt),EN.ATM.CO2E.KT,2622740,2638230,2563820,2510460,2508720,2559540,2616520,2588510,2630710,2613760,2632450,2679490,2684259.985,2741399.987,2754819.999,2746329.985,2729999.943,2692959.954,2635759.999,2438199.996,2501249.995,2411289.996,2381640.002,2332870.003,2208170.017,2256729.974,2255170.025,2258570.015,2201410.016,2092859.993
Eritrea,ERI,CO2 emissions (kt),EN.ATM.CO2E.KT,,,440,630,730,800,870,830,610,650,640,700,680.0000072,689.9999976,680.0000072,600.0000238,519.9999809,509.9999905,449.9999881,469.9999988,500,569.9999928,620.0000048,639.9999857,649.9999762,649.9999762,660.0000262,720.0000286,850.0000238,879.9999952
Spain,ESP,CO2 emissions (kt),EN.ATM.CO2E.KT,214950,222100,232370,218080,228450,240570,230110,248600,256220,278300,293310,294790,312750,318660.0037,335559.9976,350500,341779.9988,354679.9927,324269.989,287489.9902,273250,274399.9939,269269.989,242809.9976,240960.0067,256279.9988,247029.9988,263450.0122,257040.0085,239979.9957
Estonia,EST,CO2 emissions (kt),EN.ATM.CO2E.KT,35280,31540,23820,18340,17820,16260,17200,16770,16240,15290,14920,15380,14949.99981,16940.00053,17020.00046,17229.99954,15979.99954,19979.99954,18399.99962,15050.00019,19000,18170.00008,16889.99939,19319.99969,17940.00053,15539.99996,15989.99977,16709.99908,15319.99969,10180.00031
Ethiopia,ETH,CO2 emissions (kt),EN.ATM.CO2E.KT,2310,2330,1520,1940,2260,2570,2870,3060,3230,3180,3560,4400,4570.000172,5019.999981,5329.999924,5050.000191,5400.000095,5960.000038,6489.999771,6530.00021,6469.99979,7539.999962,8479.999542,10079.99992,12340.00015,12890.00034,14970.00027,15819.99969,17239.99977,18360.00061
European Union,EUU,CO2 emissions (kt),EN.ATM.CO2E.KT,3562590,3524670,3409700,3348870,3336400,3391600,3488790,3419620,3412010,3354420,3362380,3419490,3411189.987,3502199.994,3507500.005,3488149.989,3496999.943,3456569.96,3378879.983,3129210.004,3213189.989,3118369.988,3059130.008,2982339.987,2836770.032,2895699.962,2905110.01,2926620.003,2862280.026,2724969.998
Fragile and conflict affected situations,FCS,CO2 emissions (kt),EN.ATM.CO2E.KT,440846.9422,440429.3482,472085.0166,476641.8021,474282.0382,499720.7003,521671.0203,546815.2238,515730.804,495713.0886,531222.1559,552890.2011,541254.7883,547359.6607,560441.5304,588420.5151,582173.6506,564812.2951,603986.9168,603824.6543,652217.4495,643587.4581,696858.0584,715933.2475,723873.6459,686940.1834,694941.4195,714645.3518,721956.9908,728944.1272
Finland,FIN,CO2 emissions (kt),EN.ATM.CO2E.KT,54560,55130,52280,53460,59930,56090,62570,60620,57270,56510,55100,61090,63439.99863,71709.99908,67680.00031,55459.99908,67019.99664,65099.99847,56659.99985,54180.00031,62529.99878,55119.99893,49409.99985,50189.99863,46159.99985,42819.99969,45700.00076,43020.00046,44580.00183,40709.99908
Fiji,FJI,CO2 emissions (kt),EN.ATM.CO2E.KT,690,680,720,700,700,710,770,750,730,750,810,1040,879.9999952,1049.999952,1470.000029,1289.999962,1379.999995,1259.99999,970.0000286,970.0000286,1159.999967,1110.000014,1029.999971,1129.999995,1289.999962,1379.999995,1519.999981,1649.999976,1629.999995,1629.999995
France,FRA,CO2 emissions (kt),EN.ATM.CO2E.KT,356240,380650,368590,349420,344400,352240,367900,359070,381110,374900,373120,376730,371019.989,376709.9915,377790.0085,380660.0037,371549.9878,362829.9866,357989.9902,343730.011,347779.9988,335140.0146,338420.0134,338559.9976,306100.0061,311299.9878,313920.0134,317829.9866,307049.9878,300519.989
Faroe Islands,FRO,CO2 emissions (kt),EN.ATM.CO2E.KT,,,,,,,,,,,,,,,,,,,,,,,,,,,,,,
"Micronesia, Fed. Sts.",FSM,CO2 emissions (kt),EN.ATM.CO2E.KT,,,110,110,110,120,120,120,130,130,130,150,140.0000006,159.9999964,159.9999964,159.9999964,140.0000006,140.0000006,119.9999973,129.9999952,109.9999994,119.9999973,129.9999952,140.0000006,140.0000006,150.000006,170.0000018,180.0000072,170.0000018,180.0000072
Gabon,GAB,CO2 emissions (kt),EN.ATM.CO2E.KT,4100,4560,4530,4650,4620,5210,5810,5560,6390,6030,6080,6230,5960.000038,6440.000057,6090.000153,6059.999943,5440.000057,4940.000057,5269.999981,5199.999809,5760.000229,5780.00021,5599.999905,5789.999962,5960.000038,6119.999886,6420.000076,5329.999924,5119.999886,5250
United Kingdom,GBR,CO2 emissions (kt),EN.ATM.CO2E.KT,561770,570680,557890,541380,535180,526810,545480,524190,526000,522750,530890,545260,530789.978,543039.978,543080.0171,540919.9829,542059.9976,530500,515340.0269,466489.9902,482440.0024,445589.9963,467779.9988,453760.0098,415600.0061,401079.9866,380809.9976,367000,360730.011,348920.0134
Georgia,GEO,CO2 emissions (kt),EN.ATM.CO2E.KT,33490,25510,20070,16090,10440,8180,6360,5520,4990,4520,4770,3520,2960.000038,3160.000086,3369.999886,4239.999771,4699.999809,5630.000114,4840.000153,5619.999886,5320.000172,6519.999981,7190.000057,7840.000153,8470.000267,9199.999809,9649.999619,9729.999542,9569.999695,10109.99966
Ghana,GHA,CO2 emissions (kt),EN.ATM.CO2E.KT,2790,2560,3080,3190,3460,3710,4090,4300,6100,6580,5740,6210,7429.999828,7139.999866,6679.999828,7039.999962,8510.000229,9119.999886,8659.999847,10010.00023,11189.99958,11750,14609.99966,15630.00011,15090.00015,15779.99973,16069.99969,17010.00023,18680.00031,20040.00092
Gibraltar,GIB,CO2 emissions (kt),EN.ATM.CO2E.KT,,,,,,,,,,,,,,,,,,,,,,,,,,,,,,
Guinea,GIN,CO2 emissions (kt),EN.ATM.CO2E.KT,1000,1020,1050,1080,1120,1160,1230,1290,1360,1430,1490,1570,1629.999995,1700.000048,1769.999981,1830.000043,1899.999976,1980.000019,2009.99999,2119.999886,2500,2619.999886,2480.000019,2180.000067,2240.00001,2539.999962,2819.999933,3339.999914,3750,3950.000048
"Gambia, The",GMB,CO2 emissions (kt),EN.ATM.CO2E.KT,190,200,200,210,210,220,220,230,240,260,240,310,300.0000119,300.0000119,319.9999928,330.0000131,360.0000143,409.9999964,430.0000072,490.0000095,439.9999976,449.9999881,460.0000083,439.9999976,519.9999809,529.9999714,529.9999714,540.0000215,550.0000119,579.9999833
Guinea-Bissau,GNB,CO2 emissions (kt),EN.ATM.CO2E.KT,170,170,180,180,180,180,180,200,170,190,150,150,150.000006,189.9999976,200.000003,209.9999934,219.9999988,230.0000042,219.9999988,230.0000042,239.9999946,239.9999946,250,250,270.0000107,280.0000012,310.0000024,310.0000024,319.9999928,330.0000131
Equatorial Guinea,GNQ,CO2 emissions (kt),EN.ATM.CO2E.KT,60,70,900,960,1030,1100,1190,1650,1970,3230,2220,3400,4630.000114,5010.000229,6199.999809,8319.999695,9369.999886,8539.999962,9779.999733,9710.000038,9949.999809,9989.999771,9819.999695,9180.000305,7909.999847,6570.000172,6659.999847,5800.000191,6429.999828,5349.999905
Greece,GRC,CO2 emissions (kt),EN.ATM.CO2E.KT,75620,75820,78180,78090,79730,82830,82750,83760,87130,87400,94460,96610,96599.99847,100220.0012,99839.99634,101949.9969,100699.9969,104309.9976,100410.0037,94739.99786,87580.00183,84550.00305,80089.99634,72480.00336,69550.00305,68010.00214,66849.99847,66800.00305,65019.99664,60000
Grenada,GRD,CO2 emissions (kt),EN.ATM.CO2E.KT,110,120,170,150,160,170,190,200,220,220,210,230,239.9999946,250,230.0000042,250,259.9999905,280.0000012,289.9999917,810.0000024,289.9999917,310.0000024,409.9999964,319.9999928,250,270.0000107,280.0000012,289.9999917,319.9999928,330.0000131
Greenland,GRL,CO2 emissions (kt),EN.ATM.CO2E.KT,,,,,,,,,,,,,,,,,,,,,,,,,,,,,,
Guatemala,GTM,CO2 emissions (kt),EN.ATM.CO2E.KT,3930,4030,4830,5110,5430,6350,6190,6550,8290,8200,9420,9810,10470.00027,10539.99996,10750,11529.99973,11520.00046,12409.99985,11239.99977,11850.00038,11439.99958,11739.99977,12149.99962,13000,13949.99981,16340.00015,17489.99977,16569.99969,18319.99969,19309.99947
Guam,GUM,CO2 emissions (kt),EN.ATM.CO2E.KT,,,,,,,,,,,,,,,,,,,,,,,,,,,,,,
Guyana,GUY,CO2 emissions (kt),EN.ATM.CO2E.KT,1170,1140,1080,1090,1410,1530,1580,1720,1750,1740,1660,1640,1620.000005,1620.000005,1669.999957,1480.000019,1330.000043,1610.000014,1600.000024,1629.999995,1759.99999,1830.000043,2000,1980.000019,2059.999943,2079.999924,2480.000019,2470.000029,2589.999914,2849.999905
High income,HIC,CO2 emissions (kt),EN.ATM.CO2E.KT,11662286.3,11656549.5,11694563.44,11780309.16,11968296.46,12144575.38,12517640.74,12760770.7,12752185.92,12827141.97,13129783.55,13202105.99,13108305.98,13342351.41,13485505.86,13527970.56,13470500.38,13639623.28,13368207.52,12615646.25,13142042.96,12916542.16,12770019.07,12855642.28,12653466.09,12615686.76,12519131.11,12444379.32,12459854.42,12125558.41
"Hong Kong SAR, China",HKG,CO2 emissions (kt),EN.ATM.CO2E.KT,,,,,,,,,,,,,,,,,,,,,,,,,,,,,,
Honduras,HND,CO2 emissions (kt),EN.ATM.CO2E.KT,2450,2450,2730,2900,3250,3870,3900,4040,4680,4750,4990,5800,6090.000153,6730.000019,7559.999943,6969.99979,7969.99979,8539.999962,8590.000153,8069.999695,8180.000305,8810.00042,9239.999771,9369.999886,9460.000038,9930.000305,9470.000267,9260.000229,10050.00019,10220.00027
Heavily indebted poor countries (HIPC),HPC,CO2 emissions (kt),EN.ATM.CO2E.KT,61205.0312,63398.98039,62425.03099,59839.67996,60460.57134,63911.0989,67626.86047,72309.73805,76239.28316,78957.38819,79670,83770,87950.00046,91999.99929,97029.99879,101850.0004,110930.0002,118309.9992,124489.999,132840,144550.0008,154510.001,165309.9995,171799.9997,181730.0015,193649.9993,204409.9998,211419.9996,222430.0002,228720.0029
Croatia,HRV,CO2 emissions (kt),EN.ATM.CO2E.KT,20340,14740,15040,15540,14870,15460,15260,17070,18530,18520,18040,19200,20280.00069,21610.00061,21100.00038,21450.00076,21610.00061,22879.99916,21729.99954,20309.99947,19459.99908,19030.00069,17409.99985,17010.00023,16239.99977,16600.00038,16879.99916,17409.99985,16430.00031,16520.00046
Haiti,HTI,CO2 emissions (kt),EN.ATM.CO2E.KT,1020,1000,900,690,190,900,1060,1270,1310,1380,1470,1600,1830.000043,1809.999943,1669.999957,1700.000048,1720.000029,2049.999952,2029.999971,1990.00001,2460.000038,2700.000048,2420.000076,2650.000095,3019.999981,3279.999971,3359.999895,3329.999924,3289.999962,3319.999933
Hungary,HUN,CO2 emissions (kt),EN.ATM.CO2E.KT,67420,64550,58000,58380,57780,57430,58450,56990,57350,57910,54630,56280,55599.99847,58189.99863,56349.99847,55919.99817,55459.99908,53849.99847,53009.99832,47840.00015,47880.00107,46909.99985,43430.00031,40759.99832,40630.00107,43380.00107,44250,46439.99863,46400.00153,46380.00107
IBRD only,IBD,CO2 emissions (kt),EN.ATM.CO2E.KT,8938244.417,9047190.316,9032910,9093840,9036320,9456710,9548160,9668880,9750530,9739860,10118490,10428930,10832730.09,11715600.21,12689549.87,13595019.87,14524470.11,15410040.2,15874240.03,16282529.82,17502109.82,18695469.74,19265180.1,19813890.46,20043649.94,19879909.66,19950100.2,20453889.68,21190309.62,21522419.75
IDA & IBRD total,IBT,CO2 emissions (kt),EN.ATM.CO2E.KT,9360337.743,9485523.142,9473857.494,9529809.685,9460232.09,9893834.064,10013181.52,10143393.3,10242252.6,10245984.09,10645152.81,10972799.69,11378117.26,12273401.42,13272981.19,14197332.51,15151121.41,16055027.68,16535877.85,16938488.37,18194932.77,19408236.3,19974488.36,20539980.22,20794173.33,20644895.69,20769907.5,21324905.85,22076113.77,22442415.57
IDA total,IDA,CO2 emissions (kt),EN.ATM.CO2E.KT,421130.4774,437441.0172,440082.1553,435049.0787,422939.4963,436065.7602,464100.6442,473603.3123,490887.2965,505382.8918,525898.1858,543085.4508,544500.9909,556735.0592,582206.7868,600924.1992,625111.2995,643286.7619,659876.5178,654075.6138,690757.7205,710468.7125,706855.696,723555.8419,748013.9464,762566.3503,817554.3818,868808.9636,883461.7337,917684.9995
IDA blend,IDB,CO2 emissions (kt),EN.ATM.CO2E.KT,281883.7732,298741.7735,310097.1624,309797.02,295670.3159,300092.4145,319461.6065,321602.6225,329906.5633,338950.8555,355898.8985,364242.8583,358219.9989,360400.0078,376110.0014,375710.0015,385629.9936,387549.9996,393860.0089,380259.9957,399799.9915,410400.0013,397109.9933,413879.9954,424030.0095,424930.0047,453440.0066,472440.0003,467299.9979,485070.0066
Indonesia,IDN,CO2 emissions (kt),EN.ATM.CO2E.KT,148530,162400,171510,185090,199180,223680,236720,261160,262700,279480,280650,302060,305640.0146,333890.0146,341239.9902,342149.9939,364470.0012,379959.9915,376140.0146,391079.9866,415519.989,475309.9976,481510.0098,447940.0024,483910.0037,488549.9878,482510.0098,517320.0073,576989.9902,619840.0269
IDA only,IDX,CO2 emissions (kt),EN.ATM.CO2E.KT,138844.7934,138160.8289,129248.8736,124474.6697,126597.6667,135353.7599,143978.4478,151394.2572,160404.9736,165850.0063,169344.5795,178189.0587,185673.625,195757.1363,205498.1504,224688.054,238972.1898,255281.0857,265576.1397,273453.5696,290588.4913,299694.874,309456.0398,309325.0842,323649.5202,337349.3959,363822.3861,396127.9019,416012.8713,432462.8008
Isle of Man,IMN,CO2 emissions (kt),EN.ATM.CO2E.KT,,,,,,,,,,,,,,,,,,,,,,,,,,,,,,
India,IND,CO2 emissions (kt),EN.ATM.CO2E.KT,563580,607230,626290,651350,685900,737860,774070,819270,836270,901330,937860,953540,985450.0122,1011770.02,1085670.044,1136469.971,1215209.961,1336739.99,1424380.005,1564880.005,1659979.98,1756739.99,1909439.941,1972430.054,2147110.107,2158020.02,2195250,2320409.912,2451929.932,2456300.049
Not classified,INX,CO2 emissions (kt),EN.ATM.CO2E.KT,,,,,,,,,,,,,,,,,,,,,,,,,,,,,,
Ireland,IRL,CO2 emissions (kt),EN.ATM.CO2E.KT,30960,31470,31510,31650,32820,33450,34820,35970,38420,39970,42530,44820,43930.00031,44090.00015,44689.99863,46650.00153,47259.99832,46360.00061,45779.99878,40560.00137,40189.99863,36680.00031,37130.00107,35709.99908,35529.99878,37060.00137,38819.99969,37779.99878,37659.99985,35750
"Iran, Islamic Rep.",IRN,CO2 emissions (kt),EN.ATM.CO2E.KT,198470,219100,233650,236730,266690,271520,279810,292400,290990,323360,340450,354070,369869.9951,389769.989,417660.0037,450790.0085,484179.9927,514140.0146,523049.9878,542289.978,541169.9829,552049.9878,559119.9951,583700.0122,605349.9756,599179.9927,607210.022,626419.9829,637429.9927,630010.0098
Iraq,IRQ,CO2 emissions (kt),EN.ATM.CO2E.KT,64210,45550,67340,89560,102120,100070,98880,118910,91780,72710,87630,97550,91160.00366,81279.99878,88110.00061,85129.99725,82959.99908,76650.00153,88139.99939,94199.99695,108550.0031,113040.0009,129000,139100.0061,134039.9933,133169.9982,142229.9957,155080.0018,163149.9939,174559.9976
Iceland,ISL,CO2 emissions (kt),EN.ATM.CO2E.KT,1950,1910,1940,1980,2090,2000,2270,2150,2150,2120,2230,2160,2240.00001,2230.000019,2319.999933,2289.999962,2329.999924,2380.000114,2180.000067,2109.999895,1960.000038,1889.999986,1860.000014,2029.999971,2049.999952,2059.999943,1629.999995,1669.999957,1700.000048,1639.999986
Israel,ISR,CO2 emissions (kt),EN.ATM.CO2E.KT,33810,34520,36860,40500,43360,46780,48730,50970,51500,52980,57000,57950,61080.00183,62930.00031,63159.99985,61009.99832,64330.00183,66599.99847,66709.99908,65730.00336,70519.99664,69819.99969,76059.99756,67000,64720.00122,66139.99939,64980.00336,65610.00061,61080.00183,62650.00153
Italy,ITA,CO2 emissions (kt),EN.ATM.CO2E.KT,405260,404070,402270,396930,392290,416420,412150,415520,426370,433010,436300,436570,443470.0012,462200.0122,472399.9939,473829.9866,466649.9939,459369.9951,444980.011,397059.9976,405269.989,396690.0024,376750,346459.9915,327500,337859.9854,333339.9963,329190.0024,324880.0049,317239.9902
Jamaica,JAM,CO2 emissions (kt),EN.ATM.CO2E.KT,7470,7410,8150,8320,8380,8680,9040,9200,9720,9980,10060,10080,10250,10590.00015,10569.99969,10560.00042,12060.00042,12020.00046,9619.999886,7880.000114,7480.000019,7530.00021,6960.000038,7400.000095,7190.000057,7090.000153,7570.000172,7219.99979,8609.999657,8390.000343
Jordan,JOR,CO2 emissions (kt),EN.ATM.CO2E.KT,9930,9780,11930,12200,12990,13600,13870,14370,14620,14630,16270,16250,16870.00084,17309.99947,18579.99992,19870.00084,20170.00008,21090.00015,20010.00023,20659.99985,20200.00076,20760.00023,24120.00084,23799.99924,25549.99924,25309.99947,24819.99969,26149.99962,24780.00069,24629.99916
Japan,JPN,CO2 emissions (kt),EN.ATM.CO2E.KT,1090530,1103980,1115060,1107610,1160780,1171010,1184670,1172630,1130310,1165320,1182610,1170380,1206599.976,1214949.951,1209849.976,1212819.946,1189520.02,1225069.946,1158219.971,1100979.98,1156479.98,1213520.02,1253609.985,1262780.029,1217119.995,1179439.941,1167790.039,1155229.98,1116150.024,1081569.946
Kazakhstan,KAZ,CO2 emissions (kt),EN.ATM.CO2E.KT,237250,246370,253840,219240,199170,175240,153390,132240,135840,122650,120150,117440,131059.9976,146139.9994,158029.9988,169210.0067,185300.0031,198389.9994,242029.9988,213610.0006,229699.9969,245449.9969,244600.0061,260010.0098,209229.9957,190729.9957,202149.9939,214580.0018,216600.0061,212110.0006
Kenya,KEN,CO2 emissions (kt),EN.ATM.CO2E.KT,6140,5890,5950,5860,5870,6370,6970,6640,7160,7490,8320,7610,7420.000076,6530.00021,7440.000057,8319.999695,9300.000191,9369.999886,9909.999847,11710.00004,12640.00034,13029.99973,12149.99962,14100.00038,15149.99962,17209.99908,19110.00061,18979.99954,17489.99977,22280.00069
Kyrgyz Republic,KGZ,CO2 emissions (kt),EN.ATM.CO2E.KT,22760,20420,13800,10110,6550,4600,5770,5690,6040,4790,4670,3970,4969.99979,5590.000153,5559.999943,5300.000191,5320.000172,6469.99979,7510.000229,6760.000229,6349.999905,7619.999886,10060.00042,9380.000114,9710.000038,10270.00046,9699.999809,9430.000305,11250,10050.00019
Cambodia,KHM,CO2 emissions (kt),EN.ATM.CO2E.KT,1260,1300,1350,1380,1480,1470,1530,1640,1880,1910,1960,2150,2210.000038,2380.000114,2380.000114,2660.000086,2960.000038,3660.000086,4059.999943,4750,5139.999866,5360.000134,5670.000076,5739.999771,6949.999809,8430.000305,11069.99969,12689.99958,14579.99992,16180.00031
Kiribati,KIR,CO2 emissions (kt),EN.ATM.CO2E.KT,20,20,20,30,30,30,30,30,30,30,30,30,39.99999911,39.99999911,50.00000075,70.0000003,70.0000003,59.99999866,59.99999866,59.99999866,50.00000075,50.00000075,59.99999866,59.99999866,59.99999866,59.99999866,70.0000003,90.00000358,90.00000358,90.00000358
St. Kitts and Nevis,KNA,CO2 emissions (kt),EN.ATM.CO2E.KT,110,110,150,140,150,150,150,160,180,180,190,210,230.0000042,230.0000042,239.9999946,219.9999988,230.0000042,250,250,699.9999881,239.9999946,280.0000012,340.0000036,230.0000042,230.0000042,239.9999946,239.9999946,239.9999946,250,250
"Korea, Rep.",KOR,CO2 emissions (kt),EN.ATM.CO2E.KT,247680,274790,297050,327600,354280,385410,409990,431640,366570,401880,456660,471530,463000,465700.0122,485910.0037,481000,487850.0061,503690.0024,514919.9829,526640.0146,575219.9707,598479.9805,600320.0073,599599.9756,588090.0269,607830.0171,615880.0049,626630.0049,630640.0146,610789.978
Kuwait,KWT,CO2 emissions (kt),EN.ATM.CO2E.KT,29130,7820,23050,30740,36670,36250,35630,37300,42130,45740,49840,53190,55590.00015,58119.99893,61909.99985,69910.00366,72430.00031,70599.99847,75839.99634,77650.00153,80720.00122,83290.00092,85309.99756,87360.00061,85569.99969,89019.99664,91550.00305,90730.00336,91389.99939,92650.00153
Latin America & Caribbean (excluding high income),LAC,CO2 emissions (kt),EN.ATM.CO2E.KT,734540,761420,773530,795100,838460,851330,905050,961220,1004400,998710,1037660,1038510,1037720.011,1059440.003,1105920.001,1138730.011,1175959.976,1219939.991,1250109.988,1213999.998,1295859.992,1353869.989,1403080.026,1443429.99,1460979.987,1461880.007,1429679.991,1419129.981,1387759.985,1382399.984
Lao PDR,LAO,CO2 emissions (kt),EN.ATM.CO2E.KT,510,550,600,610,640,670,780,830,850,880,900,1000,1110.000014,1149.999976,1210.000038,1259.99999,1639.999986,1730.000019,2049.999952,2539.999962,2880.000114,3039.999962,3269.999981,4159.999847,4340.000153,8880.000114,15699.99981,19049.99924,19360.00061,18709.99908
Lebanon,LBN,CO2 emissions (kt),EN.ATM.CO2E.KT,5620,7040,7020,10330,11270,13300,14120,16130,16260,17040,15670,16890,16840.00015,17409.99985,17879.99916,17280.00069,16229.99954,15039.99996,18649.99962,21899.99962,20860.00061,21180.00031,23469.99931,23239.99977,25149.99962,27010.00023,27809.99947,29319.99969,27790.00092,27950.00076
Liberia,LBR,CO2 emissions (kt),EN.ATM.CO2E.KT,450,370,400,420,420,420,440,450,490,400,430,450,449.9999881,479.9999893,560.0000024,670.0000167,689.9999976,639.9999857,540.0000215,540.0000215,730.0000191,850.0000238,949.9999881,920.0000167,1220.000029,1259.99999,1409.999967,1279.999971,1129.999995,1179.999948
Libya,LBY,CO2 emissions (kt),EN.ATM.CO2E.KT,28600,28820,26340,30580,38640,43480,45430,42200,41900,43220,44720,44450,45590.00015,48919.99817,48459.99908,52990.00168,52919.99817,49389.99939,53270.00046,56400.00153,59549.99924,41950.00076,57630.00107,58610.00061,58000,51330.00183,50950.00076,55159.99985,56619.99893,56799.99924
St. Lucia,LCA,CO2 emissions (kt),EN.ATM.CO2E.KT,190,200,300,290,310,340,340,350,390,390,390,420,430.0000072,449.9999881,449.9999881,439.9999976,479.9999893,479.9999893,490.0000095,1370.000005,529.9999714,589.9999738,750,509.9999905,509.9999905,500,509.9999905,529.9999714,529.9999714,540.0000215
Latin America & Caribbean,LCN,CO2 emissions (kt),EN.ATM.CO2E.KT,902966.2182,929315.0818,946681.3782,971639.7202,1016227.762,1041064.307,1110793.387,1180898.01,1229403.873,1222461.414,1263172.235,1268338.48,1273393.088,1294382.858,1351871.284,1396987.128,1440012.061,1486985.319,1531593.658,1502504.355,1594532.536,1659887.043,1735442.157,1777868.239,1786952.314,1776335.654,1732478.377,1710839.01,1670331.188,1652376.196
Least developed countries: UN classification,LDC,CO2 emissions (kt),EN.ATM.CO2E.KT,66332.23975,65739.89642,65852.2374,68621.43962,75579.94776,85196.07855,91211.94834,97400.27984,100768.3553,106743.6459,109513.1779,117013.6689,121540.0003,132569.9995,139789.9997,146940.0008,156140.0015,166030.0014,175960.0013,191209.9988,207980.0017,219539.9992,230840.0025,249229.9981,267840.0037,281580.0025,303669.9973,324299.9937,340499.9957,357639.9992
Low income,LIC,CO2 emissions (kt),EN.ATM.CO2E.KT,190456.2098,187523.0021,172411.9252,164048.5849,160557.9748,158449.4849,152930.7413,148753.8495,145777.5618,152779.4047,159640,165480,164069.9977,171499.9994,177599.999,195919.9984,205050.0014,199649.996,213709.9995,199170.0008,200509.9996,184859.9974,177919.9983,158599.9998,163430.002,148150.0002,158710.0004,188730.0001,188669.9986,196950.002
Liechtenstein,LIE,CO2 emissions (kt),EN.ATM.CO2E.KT,200,210,210,220,200,200,210,220,230,230,220,210,219.9999988,230.0000042,230.0000042,230.0000042,230.0000042,200.000003,219.9999988,209.9999934,189.9999976,180.0000072,189.9999976,189.9999976,159.9999964,159.9999964,150.000006,159.9999964,140.0000006,150.000006
Sri Lanka,LKA,CO2 emissions (kt),EN.ATM.CO2E.KT,3840,3990,5250,5090,5770,5820,8360,8340,8610,9500,10930,10850,11390.00034,12409.99985,12869.99989,13979.99954,12399.99962,13590.00015,12810.00042,12289.99996,13069.99969,15420.00008,16850.00038,14479.99954,17600.00038,20360.00061,21930.00031,23360.00061,21690.00053,23780.00069
Lower middle income,LMC,CO2 emissions (kt),EN.ATM.CO2E.KT,2244488.883,2311084.114,2290422.851,2271627.119,2256580.509,2359320.487,2405322.414,2501987.611,2525354.466,2660693.761,2732859.348,2820171.789,2894542.77,3020892.791,3163010.24,3275838.066,3448277.458,3668009.248,3794148.779,3942591.164,4149933.474,4380120.04,4580425.592,4676814.587,4949211.393,5009123.572,5126813.036,5360016.6,5658014.182,5794899.361
Low & middle income,LMY,CO2 emissions (kt),EN.ATM.CO2E.KT,8828738.319,8974875.567,8965154.99,9015194.806,8946086.007,9358076.151,9436464.272,9568956.312,9695792.716,9731208.01,10144589.98,10464684.49,10867159.74,11748622.01,12738925.46,13657118.54,14590704.82,15482425.69,15963920.96,16376067.72,17602120,18792572.24,19348790.89,19916289.09,20194052.42,20046587.99,20176057.54,20749329.68,21507888.27,21909426.5
Lesotho,LSO,CO2 emissions (kt),EN.ATM.CO2E.KT,340,350,350,360,360,370,370,380,390,390,390,400,409.9999964,409.9999964,430.0000072,430.0000072,430.0000072,439.9999976,460.0000083,529.9999714,550.0000119,569.9999928,620.0000048,610.0000143,610.0000143,649.9999762,689.9999976,699.9999881,730.0000191,769.9999809
Late-demographic dividend,LTE,CO2 emissions (kt),EN.ATM.CO2E.KT,6279667.985,6341401.636,6325141.658,6356465.732,6264091.368,6577603.449,6585783.685,6552349.23,6615469.703,6553313.975,6820709.22,7063201.976,7386763.535,8114794.644,8925924.01,9707076.365,10450322.5,11089124.6,11428644.43,11720037.55,12707645.33,13679435.21,13998223.61,14483309.85,14476224.48,14350043.62,14353913.16,14657244.8,15168288.37,15499527.66
Lithuania,LTU,CO2 emissions (kt),EN.ATM.CO2E.KT,32220,34290,19980,15740,14810,13740,14230,13920,14710,12250,10510,11150,11220.00027,11229.99954,11909.99985,12829.99992,13020.00046,13210.00004,13060.00042,11689.99958,12600.00038,11850.00038,11930.00031,11329.99992,10859.99966,11069.99969,11199.99981,11220.00027,11649.99962,11729.99954
Luxembourg,LUX,CO2 emissions (kt),EN.ATM.CO2E.KT,11290,11750,11440,11650,10810,8660,8740,8240,7570,7920,8560,9120,9819.999695,10239.99977,11659.99985,11909.99985,11720.00027,11109.99966,11020.00046,10439.99958,11029.99973,10899.99962,10689.99958,10149.99962,9649.999619,9130.000114,8850.000381,9000,9319.999695,9489.999771
Latvia,LVA,CO2 emissions (kt),EN.ATM.CO2E.KT,18780,17200,13970,11760,10220,9000,9010,8530,8130,7550,6930,7360,7349.999905,7590.000153,7619.999886,7710.000038,8199.999809,8529.999733,8109.999657,7360.000134,8520.000458,7900.000095,7570.000172,7449.999809,7280.00021,7320.000172,7150.000095,7119.999886,7789.999962,7570.000172
"Macao SAR, China",MAC,CO2 emissions (kt),EN.ATM.CO2E.KT,,,,,,,,,,,,,,,,,,,,,,,,,,,,,,
St. Martin (French part),MAF,CO2 emissions (kt),EN.ATM.CO2E.KT,,,,,,,,,,,,,,,,,,,,,,,,,,,,,,
Morocco,MAR,CO2 emissions (kt),EN.ATM.CO2E.KT,21500,23120,24880,25580,27710,28790,28480,29900,30630,32200,32880,36270,37470.00122,37250,40990.00168,43580.00183,45000,46349.99847,48630.00107,48750,51759.99832,55939.99863,58080.00183,57590.00015,58689.99863,60409.99985,60319.99969,63520.00046,64959.99908,71480.00336
Monaco,MCO,CO2 emissions (kt),EN.ATM.CO2E.KT,,,,,,,,,,,,,,,,,,,,,,,,,,,,,,
Moldova,MDA,CO2 emissions (kt),EN.ATM.CO2E.KT,30530,24600,20320,17410,14140,12140,10400,9580,8650,7350,6710,7020,7179.999828,7769.999981,7780.00021,8180.000305,7980.000019,8140.000343,8149.999619,7639.999866,8300.000191,8340.000153,8140.000343,7179.999828,7710.000038,8020.000458,8140.000343,8060.00042,8539.999962,8859.999657
Madagascar,MDG,CO2 emissions (kt),EN.ATM.CO2E.KT,890,950,960,1000,1210,1370,1310,1420,1630,1670,1650,1670,1120.000005,1549.999952,1649.999976,1710.000038,1639.999986,1720.000029,1779.999971,1690.000057,1870.000005,2190.000057,2740.00001,2930.000067,3009.99999,3279.999971,3180.000067,3470.000029,3349.999905,4119.999886
Maldives,MDV,CO2 emissions (kt),EN.ATM.CO2E.KT,160,160,230,200,200,260,280,340,310,430,460,480,620.0000048,529.9999714,750,720.0000286,870.0000048,870.0000048,870.0000048,910.0000262,959.9999785,1009.99999,1139.999986,1129.999995,1370.000005,1370.000005,1759.99999,1860.000014,2099.999905,2109.999895
Middle East & North Africa,MEA,CO2 emissions (kt),EN.ATM.CO2E.KT,863944.0956,888015.9393,959739.1831,1021536.308,1097248.083,1129648.624,1168850.767,1224087.41,1228517.995,1273868.706,1331978.699,1398065.756,1448922.053,1501807.748,1585737.743,1691177.652,1788650.495,1871053.373,1984028.272,2048397.341,2137451.103,2181184.306,2303331.828,2349215.042,2425559.731,2462903.246,2487798.924,2527654.081,2512483.598,2555925.491
Mexico,MEX,CO2 emissions (kt),EN.ATM.CO2E.KT,269580,288000,291680,300670,326500,306840,322700,342480,365140,355180,379180,378830,386000,404690.0024,414100.0061,432190.0024,448299.9878,457119.9951,459549.9878,448369.9951,462869.9951,478399.9939,486450.0122,475739.9902,462239.9902,471630.0049,473309.9976,471579.9866,452570.0073,449269.989
Marshall Islands,MHL,CO2 emissions (kt),EN.ATM.CO2E.KT,,,80,90,90,90,90,90,100,100,100,110,119.9999973,109.9999994,129.9999952,140.0000006,140.0000006,140.0000006,129.9999952,140.0000006,140.0000006,140.0000006,140.0000006,140.0000006,150.000006,150.000006,180.0000072,180.0000072,180.0000072,180.0000072
Middle income,MIC,CO2 emissions (kt),EN.ATM.CO2E.KT,8638739.102,8787754.506,8792989.298,8851320.109,8785682.934,9199713.583,9283566.625,9420185.63,9549958.671,9578423.466,9984947.576,10299201.31,10703093.22,11577130.8,12561342.14,13461211.69,14385672.53,15282809.83,15750239.43,16176944.1,17401671.47,18607802.87,19170974.82,19757817.08,20030749.95,19898576.65,20017478.87,20560712.9,21319341.59,21712598.06
North Macedonia,MKD,CO2 emissions (kt),EN.ATM.CO2E.KT,8590,8380,8540,8840,8550,8520,10060,8990,9840,9090,8760,8920,8369.999886,9140.000343,8840.000153,9229.999542,9220.000267,9699.999809,9479.999542,8869.999886,8640.000343,9520.000458,9050.000191,8140.000343,7699.999809,7409.999847,7300.000191,7789.999962,7300.000191,8300.000191
Mali,MLI,CO2 emissions (kt),EN.ATM.CO2E.KT,10,10,10,10,10,10,0,10,,,1410,1610,1399.999976,1399.999976,1480.000019,1649.999976,1889.999986,2069.999933,2079.999924,2509.99999,2779.999971,3119.999886,3109.999895,3220.000029,3380.000114,3650.000095,4670.000076,5179.999828,5469.99979,5829.999924
Malta,MLT,CO2 emissions (kt),EN.ATM.CO2E.KT,2310,2210,2170,2810,2510,2380,2320,2470,2370,2410,2130,2490,2319.999933,2609.999895,2599.999905,2630.000114,2650.000095,2720.000029,2720.000029,2509.99999,2589.999914,2569.999933,2720.000029,2369.999886,2359.999895,1659.999967,1350.000024,1519.999981,1549.999952,1659.999967
Myanmar,MMR,CO2 emissions (kt),EN.ATM.CO2E.KT,4080,4020,4280,4810,5650,6940,7310,7250,7910,8710,9440,8350,8300.000191,10489.99977,10149.99962,10720.00027,9970.000267,10390.00034,7900.000095,7489.999771,8130.000114,8689.99958,11960.00004,13600.00038,17040.00092,19040.00092,21860.00061,32500,32939.99863,36720.00122
Middle East & North Africa (excluding high income),MNA,CO2 emissions (kt),EN.ATM.CO2E.KT,538660.5061,554774.0227,596008.0467,637868.8199,691870.3291,715231.8956,733993.9325,774661.8606,756091.8919,783628.4159,821627.606,862871.7389,881603.4541,907916.7954,964930.7514,1038968.028,1090219.898,1133101.687,1177338.023,1220199.563,1244541.693,1251648.228,1311806.029,1340292.819,1372812.953,1363401.635,1381577.381,1441472.311,1471424.858,1489226.576
Montenegro,MNE,CO2 emissions (kt),EN.ATM.CO2E.KT,1920,1360,1480,1290,1260,1330,1550,1670,1760,1210,1520,1670,1769.999981,1889.999986,2039.999962,2000,2180.000067,2099.999905,2690.000057,1750,2579.999924,2539.999962,2329.999924,2269.999981,2220.000029,2359.999895,2150.000095,2269.999981,2500,2599.999905
Mongolia,MNG,CO2 emissions (kt),EN.ATM.CO2E.KT,12970,14760,12860,11850,10320,10280,8690,8520,8550,8610,9000,8970,9600.000381,9310.00042,9560.00042,11060.00042,12420.00008,13020.00046,12970.00027,13640.00034,14310.00042,15729.99954,17139.99939,18379.99916,18120.00084,17299.99924,18170.00008,19579.99992,21549.99924,23069.99969
Northern Mariana Islands,MNP,CO2 emissions (kt),EN.ATM.CO2E.KT,,,,,,,,,,,,,,,,,,,,,,,,,,,,,,
Mozambique,MOZ,CO2 emissions (kt),EN.ATM.CO2E.KT,1120,940,1100,1290,1100,1170,1160,1290,1240,1230,1430,1410,1570.000052,1899.999976,1909.999967,1710.000038,1860.000014,2230.000019,2240.00001,2490.00001,2680.000067,3349.999905,3680.000067,4199.999809,4860.000134,5519.999981,7280.00021,7210.000038,6949.999809,7500
Mauritania,MRT,CO2 emissions (kt),EN.ATM.CO2E.KT,940,980,1010,1050,1070,1170,1230,1230,1240,1300,1270,1400,1549.999952,1480.000019,1639.999986,1509.99999,1730.000019,1990.00001,1899.999976,2349.999905,2400.000095,2460.000038,2730.000019,2589.999914,2900.000095,3559.999943,3259.99999,3490.00001,3690.000057,3950.000048
Mauritius,MUS,CO2 emissions (kt),EN.ATM.CO2E.KT,1160,1250,1320,1470,1510,1550,1610,1620,1790,2200,2430,2570,2609.999895,2750,2769.999981,2960.000038,3299.999952,3400.000095,3470.000029,3420.000076,3660.000086,3640.000105,3730.000019,3819.999933,3950.000048,3960.000038,4039.999962,4170.000076,4130.000114,4170.000076
Malawi,MWI,CO2 emissions (kt),EN.ATM.CO2E.KT,550,640,630,720,740,750,740,770,750,790,710,680,680.0000072,750,769.9999809,759.9999905,779.9999714,829.9999833,959.9999785,980.0000191,889.9999857,930.0000072,949.9999881,980.0000191,850.0000238,930.0000072,1120.000005,1190.000057,1379.999995,1450.000048
Malaysia,MYS,CO2 emissions (kt),EN.ATM.CO2E.KT,54620,65100,67170,73040,79740,86310,98640,106020,105690,114450,124360,129460,136380.0049,144490.0055,158270.0043,167419.9982,174100.0061,189940.0024,202910.0037,181929.9927,200220.0012,202740.0055,205809.9976,223660.0037,236649.9939,236539.9933,235960.0067,227619.9951,244410.0037,253270.0043
North America,NAC,CO2 emissions (kt),EN.ATM.CO2E.KT,5265754.996,5222530.672,5307758.916,5419055.798,5505394.409,5566934.803,5737091.191,6022165.66,6077343.945,6105323.217,6292115.118,6256953.465,6119407.645,6205586.656,6276790.061,6304609.522,6195663.262,6310040.887,6110874.911,5679632.333,5931085.35,5724787.189,5504094.059,5649632.279,5670769.166,5551249.578,5453137.109,5389236.051,5557241.676,5399719.627
Namibia,NAM,CO2 emissions (kt),EN.ATM.CO2E.KT,,1120,1220,1410,1640,1770,1920,1970,2020,1980,1940,2460,2130.000114,2269.999981,2380.000114,2529.999971,2529.999971,2619.999886,2950.000048,3019.999981,3130.000114,3329.999924,3529.999971,3789.999962,3950.000048,4199.999809,4130.000114,4269.999981,4230.000019,4219.99979
New Caledonia,NCL,CO2 emissions (kt),EN.ATM.CO2E.KT,,,,,,,,,,,,,,,,,,,,,,,,,,,,,,
Niger,NER,CO2 emissions (kt),EN.ATM.CO2E.KT,570,540,500,570,550,530,610,620,670,650,670,670,699.9999881,759.9999905,790.0000215,759.9999905,750,819.9999928,860.0000143,1080.000043,1370.000005,1409.999967,1889.999986,1970.000029,2150.000095,2109.999895,2109.999895,1909.999967,1950.000048,2150.000095
Nigeria,NGA,CO2 emissions (kt),EN.ATM.CO2E.KT,72770,81930,91810,86240,78330,86170,100230,98650,88700,87020,97220,101950,92239.99786,101000,98730.00336,98720.00122,88769.99664,81120.00275,86930.00031,76949.99695,90059.99756,95000,95339.99634,108129.9973,114830.0018,107760.0021,110830.0018,108500,109889.9994,115279.9988
Nicaragua,NIC,CO2 emissions (kt),EN.ATM.CO2E.KT,1930,1920,2240,2200,2530,2650,2820,3020,3520,3540,3770,3930,4059.999943,4559.999943,4530.00021,4340.000153,4550.000191,4699.999809,4500,4389.999866,4510.000229,4769.999981,4690.000057,4469.99979,4760.000229,5269.999981,5380.000114,5480.000019,5110.000134,5239.999771
Netherlands,NLD,CO2 emissions (kt),EN.ATM.CO2E.KT,148380,154510,153250,158150,157260,164110,173620,166310,166730,161450,162100,167120,167429.9927,170360.0006,172119.9951,167929.9927,163699.9969,164550.0031,165220.0012,160490.0055,171110.0006,158770.0043,157470.0012,157089.9963,149789.9933,157410.0037,158539.9933,155759.9945,151360.0006,146339.9963
Norway,NOR,CO2 emissions (kt),EN.ATM.CO2E.KT,29310,27330,30200,32430,34410,34390,34600,36540,37890,39700,34290,34720,34369.99893,37169.99817,37340.00015,36349.99847,37200.00076,37750,36869.99893,37430.00031,41409.99985,39599.99847,38490.00168,39500,39110.00061,39490.00168,38759.99832,37720.00122,37590.00015,35950.00076
Nepal,NPL,CO2 emissions (kt),EN.ATM.CO2E.KT,940,1180,1230,1410,1740,1900,1960,2190,2320,3120,3220,3460,2789.999962,3019.999981,2809.999943,3190.000057,2619.999886,2690.000057,2990.00001,3880.000114,4639.999866,5199.999809,6000,6090.000153,7130.000114,7190.000057,10409.99985,12479.99954,15189.99958,13449.99981
Nauru,NRU,CO2 emissions (kt),EN.ATM.CO2E.KT,130,130,120,110,110,110,100,100,100,90,90,80,79.99999821,70.0000003,70.0000003,70.0000003,50.00000075,39.99999911,39.99999911,39.99999911,39.99999911,39.99999911,39.99999911,50.00000075,50.00000075,59.99999866,59.99999866,70.0000003,59.99999866,59.99999866
New Zealand,NZL,CO2 emissions (kt),EN.ATM.CO2E.KT,22310,22630,24380,23960,24230,24330,25410,27690,27180,28610,29450,31620,31540.00092,33400.00153,32840.00015,34229.99954,34270.00046,33270.00046,34169.99817,31170.00008,31049.99924,30290.00092,32110.00061,31889.99939,31969.99931,32279.99878,31190.00053,32930.00031,32360.00061,34009.99832
OECD members,OED,CO2 emissions (kt),EN.ATM.CO2E.KT,11338340,11382690,11417400,11509000,11702420,11859670,12232770,12499640,12504580,12554900,12878250,12898070,12793539.7,13020410.14,13149420.03,13187620.17,13119450.04,13287269.73,12953669.8,12192610.16,12682229.8,12454210.06,12277910.1,12334460.08,12103210.02,12040549.87,11968660.06,11942140.11,11979080.18,11610640.16
Oman,OMN,CO2 emissions (kt),EN.ATM.CO2E.KT,11920,15720,14920,15180,16190,18870,19380,20020,19520,21980,25110,28030,29969.99931,31700.00076,31260.00023,31010.00023,39189.99863,42259.99832,41310.00137,43590.00015,47080.00183,53619.99893,60549.99924,63009.99832,66389.99939,70129.99725,72129.99725,71930.00031,75599.99847,76029.99878
Other small states,OSS,CO2 emissions (kt),EN.ATM.CO2E.KT,84408.91967,83227.23554,79448.74718,78272.99416,80493.86098,80815.43446,85860.11838,91537.90009,94864.17574,97748.28786,97537.25527,100742.9409,106209.6894,114226.0864,117807.8769,125192.1897,134713.5373,144405.4495,151237.9434,147455.4883,159394.8005,166989.8084,172939.3951,179350.5006,186183.0024,185310.1222,188590.9229,190296.5422,189182.8718,190928.6218
Pakistan,PAK,CO2 emissions (kt),EN.ATM.CO2E.KT,59030,60310,66980,73750,76250,82740,85820,89360,90190,98770,98370,99840,102330.0018,105660.0037,118650.0015,121669.9982,132479.9957,146259.9945,142160.0037,145139.9994,140619.9951,141699.9969,143809.9976,146059.9976,154240.0055,164130.0049,181110.0006,198830.0018,187309.9976,190570.0073
Panama,PAN,CO2 emissions (kt),EN.ATM.CO2E.KT,2690,3120,3640,3800,4040,4360,4410,4640,5720,5010,5280,6220,5409.999847,5530.00021,5610.000134,7119.999886,7489.999771,7480.000019,7300.000191,8699.999809,9189.99958,9989.999771,10460.00004,10250,10760.00023,10699.99981,10770.00046,10130.00011,10060.00042,13340.00015
Peru,PER,CO2 emissions (kt),EN.ATM.CO2E.KT,20880,20270,21030,21800,22540,25650,28060,27960,26970,29070,28630,26540,27729.99954,27159.99985,31239.99977,31290.00092,30840.00015,33810.00137,38290.00092,41169.99817,45000,48430.00031,48119.99893,49750,53169.99817,54549.99924,56860.00061,54270.00046,54590.00015,56750
Philippines,PHL,CO2 emissions (kt),EN.ATM.CO2E.KT,41080,40650,44020,47800,51510,61750,67220,74790,74220,71580,72100,70480,71569.99969,73629.99725,75139.99939,76669.99817,69470.00122,73220.00122,75150.00153,76300.00305,81930.00031,82629.99725,86180.00031,95500,101819.9997,111010.0021,121959.9991,133500,138570.0073,145419.9982
Palau,PLW,CO2 emissions (kt),EN.ATM.CO2E.KT,,,200,200,200,200,200,200,200,200,210,220,219.9999988,219.9999988,230.0000042,259.9999905,250,239.9999946,209.9999934,200.000003,209.9999934,209.9999934,219.9999988,219.9999988,219.9999988,209.9999934,250,259.9999905,250,250
Papua New Guinea,PNG,CO2 emissions (kt),EN.ATM.CO2E.KT,2170,2180,2180,2210,2060,2130,2230,2400,2650,2600,2830,3390,3609.999895,4079.999924,4949.999809,4929.999828,4780.00021,5050.000191,4760.000229,5030.00021,5019.999981,5159.999847,4889.999866,5239.999771,5889.999866,6510.000229,7659.999847,7610.000134,7559.999943,7579.999924
Poland,POL,CO2 emissions (kt),EN.ATM.CO2E.KT,350210,351620,343370,344020,339750,340000,355320,344630,318410,308980,295770,293630,287320.0073,297730.011,301850.0061,301350.0061,314089.9963,313380.0049,308329.9866,297260.0098,313739.9902,310589.9963,303350.0061,298299.9878,285730.011,289079.9866,299799.9878,312859.9854,311910.0037,295130.0049
Pre-demographic dividend,PRE,CO2 emissions (kt),EN.ATM.CO2E.KT,188709.7481,180997.6397,212602.1624,229543.5357,236666.1558,246736.4139,265972.2966,288135.8163,253366.3547,237500.7757,261897.7503,278708.5179,265410.0014,266919.999,278550.0038,282009.9983,277749.9955,267610.003,294349.9995,300779.9936,339660.0007,356180.0012,377479.9968,407330.0033,417229.9948,421409.998,440299.9977,448710.001,463889.9924,489869.9974
Puerto Rico,PRI,CO2 emissions (kt),EN.ATM.CO2E.KT,,,,,,,,,,,,,,,,,,,,,,,,,,,,,,
"Korea, Dem. People's Rep.",PRK,CO2 emissions (kt),EN.ATM.CO2E.KT,123330,117340,104690,96710,88750,83420,74010,67520,60940,66580,71820,74390,71199.99695,72739.99786,74319.99969,77589.99634,78940.00244,65629.99725,72830.00183,55360.00061,51619.99893,37099.99847,38479.99954,27629.99916,31229.99954,25100.00038,30000,54290.00092,50529.99878,56040.00092
Portugal,PRT,CO2 emissions (kt),EN.ATM.CO2E.KT,41070,42770,46770,45790,47300,50690,48740,50930,55600,62210,61660,61380,65599.99847,60520.00046,62130.00107,65470.00122,60450.00076,58799.99924,56840.00015,56299.99924,50939.99863,49869.99893,48220.00122,46560.00137,45930.00031,49849.99847,48759.99832,53330.00183,49500,44639.99939
Paraguay,PRY,CO2 emissions (kt),EN.ATM.CO2E.KT,2070,2020,2470,2820,3340,3780,3720,4110,4270,4270,3520,3610,3779.999971,3940.000057,3970.000029,3700.000048,3950.000048,3720.000029,4320.000172,4570.000172,5039.999962,5219.99979,5179.999828,5300.000191,5630.000114,6369.999886,7179.999828,8060.00042,8470.000267,8210.000038
West Bank and Gaza,PSE,CO2 emissions (kt),EN.ATM.CO2E.KT,,,,,,,,,,,,,,,,,,,,,,,,,,,,,,
Pacific island small states,PSS,CO2 emissions (kt),EN.ATM.CO2E.KT,1617.8125,1643.90625,1670,1690,1690,1760,1830,1820,1840,1890,1960,2230,2099.999981,2309.99996,2820.000021,2749.999942,2800.00001,2669.999985,2260.000004,2330.000041,2499.999953,2469.999997,2409.999957,2569.99998,2739.999959,2829.999993,3250.000028,3449.99999,3410.000002,3430.000028
Post-demographic dividend,PST,CO2 emissions (kt),EN.ATM.CO2E.KT,11378373.3,11338333.78,11278742.9,11270261.58,11334747.85,11469743.97,11738900.15,11964471.18,11948868.36,12015419.57,12300359.88,12343280.22,12227502.77,12440090.36,12526646.11,12521871.73,12408421.29,12540878.74,12197636.97,11409428.01,11869071.21,11621481.2,11413698.79,11479021.13,11224420.12,11084256.52,10977031.4,10881188.46,10953863.97,10602392.6
French Polynesia,PYF,CO2 emissions (kt),EN.ATM.CO2E.KT,,,,,,,,,,,,,,,,,,,,,,,,,,,,,,
Qatar,QAT,CO2 emissions (kt),EN.ATM.CO2E.KT,12540,14980,14680,16610,18490,19050,20940,25390,26500,29000,28660,28650,32500,34740.00168,37069.99969,38540.00092,43770.00046,49830.00183,53040.00092,54069.99969,60580.00183,68190.00244,75080.00183,76169.99817,81660.00366,84779.99878,86919.99817,87540.00092,86419.99817,91970.00122
Romania,ROU,CO2 emissions (kt),EN.ATM.CO2E.KT,172630,142760,126190,117700,115160,120880,124210,113610,99540,84990,89020,95230,93739.99786,98139.99939,95349.99847,94709.99908,99260.00214,96730.00336,95419.99817,80709.99908,77620.00275,84059.99756,81849.99847,72089.99634,71540.00092,73319.99969,71589.99634,74209.99908,75190.00244,73949.99695
Russian Federation,RUS,CO2 emissions (kt),EN.ATM.CO2E.KT,2163530,2136440,2030810,1880250,1685050,1635490,1601180,1489510,1487970,1523720,1563850,1567170,1565339.966,1610000,1600979.98,1611979.98,1654849.976,1658150.024,1655189.941,1546670.044,1617829.956,1699089.966,1675760.01,1632680.054,1611959.961,1592560.059,1571520.02,1594550.049,1661000,1703589.966
Rwanda,RWA,CO2 emissions (kt),EN.ATM.CO2E.KT,550,500,500,510,470,460,480,510,510,530,540,560,560.0000024,550.0000119,560.0000024,550.0000119,550.0000119,579.9999833,560.0000024,589.9999738,600.0000238,680.0000072,750,810.0000024,860.0000143,980.0000191,1159.999967,1190.000057,1289.999962,1330.000043
South Asia,SAS,CO2 emissions (kt),EN.ATM.CO2E.KT,641530,686060,713310,745840,784830,846530,888700,939760,958190,1034270,1073460,1094910,1131280.015,1163500.022,1252600.046,1310609.968,1401559.958,1540229.987,1628650.011,1777050.004,1877359.977,1984009.986,2143949.941,2207450.049,2396860.115,2429980.027,2491069.998,2642029.911,2768789.926,2784080.054
Saudi Arabia,SAU,CO2 emissions (kt),EN.ATM.CO2E.KT,171410,187930,202040,203260,206360,204830,217650,220070,233900,239520,249660,254090,272250,284829.9866,299890.0146,315290.0085,335440.0024,354619.9951,389720.0012,406529.9988,446130.0049,463769.989,492470.0012,503209.9915,540520.0195,565190.0024,561229.9805,545070.0073,521260.0098,523780.0293
Sudan,SDN,CO2 emissions (kt),EN.ATM.CO2E.KT,5370,4800,4530,3210,4700,4510,4310,5240,4770,5310,5690,6250,7710.000038,7929.999828,8829.999924,10500,12899.99962,13960.00004,14949.99981,15479.99954,16420.00008,15920.00008,15800.00019,15220.00027,16120.00084,18709.99908,21129.99916,20959.99908,20860.00061,20620.00084
Senegal,SEN,CO2 emissions (kt),EN.ATM.CO2E.KT,2330,2330,2570,2510,2610,2760,2930,3210,3600,3960,4060,4460,4579.999924,4489.999771,5389.999866,5670.000076,5570.000172,6199.999809,6440.000057,6670.000076,7030.00021,7570.000172,7449.999809,8010.000229,8569.999695,9289.999962,10130.00011,9800.000191,10180.00031,10619.99989
Singapore,SGP,CO2 emissions (kt),EN.ATM.CO2E.KT,28970,30470,31410,36160,37980,37580,38520,38160,37050,37800,42120,42030,41290.00092,38159.99985,39619.99893,36900.00153,37169.99817,38290.00092,38419.99817,38830.00183,42409.99985,44770.00046,43689.99863,43909.99985,44400.00153,45430.00031,46099.99847,49139.99939,47400.00153,47380.00107
Solomon Islands,SLB,CO2 emissions (kt),EN.ATM.CO2E.KT,150,160,170,180,190,200,210,210,220,230,240,250,259.9999905,270.0000107,310.0000024,340.0000036,340.0000036,340.0000036,319.9999928,330.0000131,340.0000036,349.999994,349.999994,389.9999857,340.0000036,310.0000024,360.0000143,349.999994,360.0000143,360.0000143
Sierra Leone,SLE,CO2 emissions (kt),EN.ATM.CO2E.KT,320,340,320,330,350,240,310,230,250,200,330,440,500,550.0000119,529.9999714,449.9999881,589.9999738,500,519.9999809,519.9999809,560.0000024,740.0000095,860.0000143,1039.999962,1149.999976,910.0000262,930.0000072,939.9999976,860.0000143,899.9999762
El Salvador,SLV,CO2 emissions (kt),EN.ATM.CO2E.KT,2380,3070,3350,3920,4460,4960,4390,5320,5670,5610,5630,5870,5940.000057,6510.000229,6679.999828,6840.000153,7239.999771,7630.000114,6909.999847,6679.999828,6539.999962,6780.00021,6769.999981,6460.000038,6590.000153,7000,7170.000076,6380.000114,6809.999943,7800.000191
San Marino,SMR,CO2 emissions (kt),EN.ATM.CO2E.KT,,,,,,,,,,,,,,,,,,,,,,,,,,,,,,
Somalia,SOM,CO2 emissions (kt),EN.ATM.CO2E.KT,730,710,680,640,630,600,570,550,520,500,490,510,569.9999928,579.9999833,579.9999833,579.9999833,579.9999833,620.0000048,620.0000048,610.0000143,629.9999952,629.9999952,629.9999952,649.9999762,649.9999762,649.9999762,660.0000262,660.0000262,660.0000262,689.9999976
Serbia,SRB,CO2 emissions (kt),EN.ATM.CO2E.KT,61910,52200,47990,42720,38900,44550,51650,56310,56210,40010,43990,45000,48580.00183,52150.00153,56349.99847,50689.99863,53009.99832,51459.99908,49830.00183,46869.99893,47099.99847,51229.99954,45790.00092,46470.00122,38959.99908,45389.99939,46619.99893,47340.00015,46130.00107,45950.00076
Sub-Saharan Africa (excluding high income),SSA,CO2 emissions (kt),EN.ATM.CO2E.KT,402223.5339,410085.3999,417614.5076,419539.9227,419289.2176,444620.4597,475347.5684,491904.5058,495925.9061,483821.5915,497370,542290,545520.0052,577029.9968,608209.9939,613359.9956,613930.0054,628389.9994,670229.9899,648210.009,694689.9952,693130.0099,720949.995,758310.0105,788909.9943,771929.9975,783960.017,791669.9928,801180.0046,823160.0162
South Sudan,SSD,CO2 emissions (kt),EN.ATM.CO2E.KT,430,410,360,250,340,360,370,450,390,420,460,530,670.0000167,750,949.9999881,910.0000262,1000,1169.999957,1240.00001,1289.999962,1309.999943,1279.999971,1419.999957,1450.000048,1529.999971,1970.000029,1730.000019,1519.999981,1549.999952,1700.000048
Sub-Saharan Africa,SSF,CO2 emissions (kt),EN.ATM.CO2E.KT,402373.2235,410255.1967,417794.3274,419729.7675,419499.1192,444820.2914,475587.4628,492184.4864,496215.9085,484131.6707,497660,542610,545870.0052,577369.9969,608589.9939,613739.9956,614320.0054,628789.9994,670649.9898,648660.009,695129.9952,693540.0099,721379.9951,758730.0105,789379.9943,772439.9975,784540.017,792249.9928,801760.0046,823770.0162
Small states,SST,CO2 emissions (kt),EN.ATM.CO2E.KT,113658.6093,112824.0815,110960.1366,106793.6096,107506.4371,108440.1408,114323.4777,120879.4829,125748.7976,128891.2626,128258.7537,133489.502,139945.1087,151446.7628,156179.785,165034.1517,178451.0716,188709.3033,192650.1463,197754.191,200531.8352,210228.5224,217448.3883,222462.1815,229040.2913,227465.952,229110.4759,230143.3219,230494.2844,232249.1163
Sao Tome and Principe,STP,CO2 emissions (kt),EN.ATM.CO2E.KT,50,50,40,40,50,50,50,50,50,50,50,50,59.99999866,70.0000003,70.0000003,79.99999821,79.99999821,79.99999821,90.00000358,90.00000358,100.0000015,100.0000015,119.9999973,119.9999973,119.9999973,119.9999973,129.9999952,140.0000006,140.0000006,150.000006
Suriname,SUR,CO2 emissions (kt),EN.ATM.CO2E.KT,1760,2050,2050,2060,2070,2090,2110,2130,2130,2150,1480,1520,1120.000005,1230.000019,1389.999986,1690.000057,1529.999971,1409.999967,1460.000038,1450.000048,1740.00001,1950.000048,2440.000057,2289.999962,2619.999886,2720.000029,2950.000048,2500,2210.000038,2650.000095
Slovak Republic,SVK,CO2 emissions (kt),EN.ATM.CO2E.KT,54810,47940,46100,44320,41700,42370,42170,42270,41400,40660,38070,38580,38069.99969,38330.00183,37430.00031,38520.00046,37869.99893,37189.99863,37099.99847,33909.99985,35430.00031,34119.99893,32349.99847,32919.99817,30440.00053,30750,31500,33580.00183,33000,31079.99992
Slovenia,SVN,CO2 emissions (kt),EN.ATM.CO2E.KT,13530,12740,12830,13560,13610,14470,15290,15730,15500,14910,14540,15380,15520.00046,15409.99985,15699.99981,15920.00008,16290.00092,16280.00069,17360.00061,15510.00023,15779.99973,15699.99981,15119.99989,14550.00019,13109.99966,13140.00034,13899.99962,14119.99989,14069.99969,13600.00038
Sweden,SWE,CO2 emissions (kt),EN.ATM.CO2E.KT,53350,54240,56750,56500,58490,58230,63650,57380,58360,57260,53280,52500,54020.00046,55200.00076,53590.00015,50209.99908,48900.00153,47139.99939,46150.00153,42880.00107,48130.00107,44580.00183,42139.99939,40540.00092,39080.00183,39189.99863,38779.99878,38290.00092,36009.99832,35000
Eswatini,SWZ,CO2 emissions (kt),EN.ATM.CO2E.KT,560,560,580,590,610,630,460,590,620,680,690,610,620.0000048,629.9999952,629.9999952,660.0000262,649.9999762,660.0000262,629.9999952,699.9999881,649.9999762,660.0000262,680.0000072,750,750,769.9999809,839.9999738,889.9999857,910.0000262,959.9999785
Sint Maarten (Dutch part),SXM,CO2 emissions (kt),EN.ATM.CO2E.KT,,,,,,,,,,,,,,,,,,,,,,,,,,,,,,
Seychelles,SYC,CO2 emissions (kt),EN.ATM.CO2E.KT,150,170,180,190,210,200,240,280,290,310,290,320,349.999994,340.0000036,379.9999952,379.9999952,389.9999857,400.000006,419.9999869,449.9999881,439.9999976,409.9999964,430.0000072,419.9999869,469.9999988,509.9999905,579.9999833,579.9999833,579.9999833,610.0000143
Syrian Arab Republic,SYR,CO2 emissions (kt),EN.ATM.CO2E.KT,32390,35770,35150,35880,37440,38980,42020,42070,44630,43870,44400,44730,44270.00046,44380.00107,46360.00061,57220.00122,60209.99908,63599.99847,65279.99878,60700.00076,61090.00015,56919.99817,47029.99878,30700.00076,26610.00061,25270.00046,26340.00015,29340.00015,27389.99939,25709.99908
Turks and Caicos Islands,TCA,CO2 emissions (kt),EN.ATM.CO2E.KT,,,,,,,,,,,,,,,,,,,,,,,,,,,,,,
Chad,TCD,CO2 emissions (kt),EN.ATM.CO2E.KT,390,400,410,410,430,440,450,470,470,490,290,340,400.000006,449.9999881,449.9999881,479.9999893,509.9999905,500,540.0000215,790.0000215,1240.00001,1100.000024,1860.000014,2190.000057,2259.99999,2390.000105,2210.000038,2150.000095,2190.000057,2250
East Asia & Pacific (IDA & IBRD countries),TEA,CO2 emissions (kt),EN.ATM.CO2E.KT,2548812.621,2712741.089,2852685.391,3120965.303,3283801.319,3670925.621,3705336.892,3817461.034,3904974.268,3854112.388,4065580.201,4287208.389,4601490.084,5260640.168,6025979.824,6754599.881,7395030.232,8002750.168,8233180.116,8756939.795,9596599.921,10473499.81,10767210.12,11226820.33,11322329.9,11245359.59,11278720.18,11559209.77,12105559.68,12435639.74
Europe & Central Asia (IDA & IBRD countries),TEC,CO2 emissions (kt),EN.ATM.CO2E.KT,4388662.176,4247249.795,3997662.001,3682041.026,3314501.062,3227772.409,3154306.488,2997317.408,2956948.215,2927938.493,2985406.994,2978224.683,3005260.996,3130155.122,3130365.452,3145922.116,3275143.554,3330288.166,3362102.596,3107305.962,3256471.539,3416545.922,3369575.472,3303131.631,3197750.935,3131166.873,3172708.025,3249700.024,3329677.1,3327833.873
Togo,TGO,CO2 emissions (kt),EN.ATM.CO2E.KT,980,930,750,630,910,980,1360,760,1200,1710,1270,1180,1340.000033,1830.000043,1779.999971,1750,1570.000052,1500,1570.000052,2819.999933,2630.000114,2519.999981,2240.00001,1750,1590.000033,1830.000043,2299.999952,2069.999933,2309.999943,2369.999886
Thailand,THA,CO2 emissions (kt),EN.ATM.CO2E.KT,89220,98070,107950,122720,137060,155780,174710,177940,156790,163790,164490,173160,184240.0055,191929.9927,210190.0024,217770.0043,219880.0049,224589.9963,227580.0018,220259.9945,234380.0049,233600.0061,250679.9927,260700.0122,256799.9878,264000,261600.0061,258820.0073,257049.9878,267089.9963
Tajikistan,TJK,CO2 emissions (kt),EN.ATM.CO2E.KT,11020,10170,7690,5170,3040,2510,2240,2510,2770,2540,2200,2150,2130.000114,2180.000067,2599.999905,2470.000029,2690.000057,3269.999981,3039.999962,2410.000086,2450.000048,2559.999943,3019.999981,3200.000048,4579.999924,4900.000095,6090.000153,7369.999886,8680.000305,9420.000076
Turkmenistan,TKM,CO2 emissions (kt),EN.ATM.CO2E.KT,44650,37790,28100,26970,33550,33990,30610,30500,31840,37690,38510,39120,41409.99985,46349.99847,49369.99893,50590.00015,51919.99817,58479.99954,59279.99878,52389.99939,59180.00031,65449.99695,69010.00214,70220.00122,71400.00153,73400.00153,73339.99634,73120.00275,73050.00305,72870.00275
Latin America & the Caribbean (IDA & IBRD countries),TLA,CO2 emissions (kt),EN.ATM.CO2E.KT,851080,885160,907190,934060,976410,999250,1066070,1132990,1180520,1172800,1212710,1218620,1224410.01,1245890.009,1302950.003,1346520.017,1388409.975,1433759.989,1478259.987,1442559.993,1539259.996,1603469.984,1675470.035,1718509.981,1730099.991,1717430.016,1676409.996,1655999.988,1614929.993,1597989.984
Timor-Leste,TLS,CO2 emissions (kt),EN.ATM.CO2E.KT,,,,,,,,,,,,,170.0000018,170.0000018,200.000003,209.9999934,200.000003,200.000003,209.9999934,230.0000042,239.9999946,250,300.0000119,460.0000083,529.9999714,519.9999809,600.0000238,610.0000143,610.0000143,620.0000048
Middle East & North Africa (IDA & IBRD countries),TMN,CO2 emissions (kt),EN.ATM.CO2E.KT,532860,548800,589590,631000,684420,707530,726090,766320,747950,775190,812780,853580,872110.0048,898139.9938,954540.0013,1027780.016,1078479.986,1120900.007,1164659.989,1207059.979,1231139.984,1238169.993,1297679.991,1325860.024,1358029.969,1348719.995,1366700.018,1425949.976,1455579.982,1473190.004
Tonga,TON,CO2 emissions (kt),EN.ATM.CO2E.KT,80,90,80,90,90,100,80,90,90,110,100,90,100.0000015,119.9999973,129.9999952,129.9999952,150.000006,129.9999952,129.9999952,140.0000006,119.9999973,109.9999994,109.9999994,119.9999973,109.9999994,119.9999973,150.000006,180.0000072,159.9999964,159.9999964
South Asia (IDA & IBRD),TSA,CO2 emissions (kt),EN.ATM.CO2E.KT,641530,686060,713310,745840,784830,846530,888700,939760,958190,1034270,1073460,1094910,1131280.015,1163500.022,1252600.046,1310609.968,1401559.958,1540229.987,1628650.011,1777050.004,1877359.977,1984009.986,2143949.941,2207450.049,2396860.115,2429980.027,2491069.998,2642029.911,2768789.926,2784080.054
Sub-Saharan Africa (IDA & IBRD countries),TSS,CO2 emissions (kt),EN.ATM.CO2E.KT,402373.2235,410255.1967,417794.3274,419729.7675,419499.1192,444820.2914,475587.4628,492184.4864,496215.9085,484131.6707,497660,542610,545870.0052,577369.9969,608589.9939,613739.9956,614320.0054,628789.9994,670649.9898,648660.009,695129.9952,693540.0099,721379.9951,758730.0105,789379.9943,772439.9975,784540.017,792249.9928,801760.0046,823770.0162
Trinidad and Tobago,TTO,CO2 emissions (kt),EN.ATM.CO2E.KT,13150,13050,13150,10720,8790,8620,9190,9690,9920,9900,10200,11620,12680.00031,15449.99981,16100.00038,17590.00015,20059.99947,20500,20020.00046,19040.00092,21459.99908,22260.00023,21520.00046,22209.99908,22040.00092,21329.99992,18309.99947,18250,17780.00069,17190.00053
Tunisia,TUN,CO2 emissions (kt),EN.ATM.CO2E.KT,14540,15030,16110,16410,16420,16780,17320,17880,18660,19660,20700,21570,21709.99908,21500,22479.99954,22969.99931,23899.99962,24750,25250,25290.00092,27520.00046,26340.00015,27790.00092,27850.00038,29950.00076,30479.99954,29610.00061,29959.99908,29889.99939,29909.99985
Turkiye,TUR,CO2 emissions (kt),EN.ATM.CO2E.KT,139200,143800,149800,155580,153820,168150,185340,193430,193690,192650,216400,197770,208110.0006,219160.0037,224600.0061,235000,261079.9866,288970.0012,287190.0024,287829.9866,297109.9854,317720.0012,328880.0049,318170.0134,340640.0146,351589.9963,374589.9963,415899.9939,411730.011,396839.9963
Tuvalu,TUV,CO2 emissions (kt),EN.ATM.CO2E.KT,10,10,10,10,10,10,10,10,10,10,10,10,9.999999776,9.999999776,9.999999776,9.999999776,9.999999776,9.999999776,9.999999776,9.999999776,9.999999776,9.999999776,9.999999776,9.999999776,9.999999776,9.999999776,9.999999776,9.999999776,9.999999776,9.999999776
Tanzania,TZA,CO2 emissions (kt),EN.ATM.CO2E.KT,1890,1870,1860,1920,1910,2730,3070,2890,2690,2520,2950,3130,3569.999933,3759.99999,5079.999924,5659.999847,6050.000191,5909.999847,6079.999924,5929.999828,6909.999847,8189.99958,9869.999886,10810.00042,10710.00004,11689.99958,11199.99981,11829.99992,12000,12449.99981
Uganda,UGA,CO2 emissions (kt),EN.ATM.CO2E.KT,790,810,820,810,730,950,1050,1110,1260,1290,1300,1300,1490.00001,1570.000052,1629.999995,2019.999981,2400.000095,2869.999886,2970.000029,3359.999895,3329.999924,3740.00001,3779.999971,3690.000057,4110.000134,4719.99979,4949.999809,5170.000076,5860.000134,5860.000134
Ukraine,UKR,CO2 emissions (kt),EN.ATM.CO2E.KT,688620,651930,574640,499310,415670,399250,346110,328240,309290,305730,297380,300550,303940.0024,330230.011,307140.0146,295410.0037,303989.9902,312140.0146,301200.0122,251619.9951,268920.0134,283339.9963,277109.9854,270269.989,237729.9957,191070.0073,201660.0037,174940.0024,185619.9951,174729.9957
Upper middle income,UMC,CO2 emissions (kt),EN.ATM.CO2E.KT,6394510.087,6476987.812,6502838.3,6579896.245,6529307.899,6840600.792,6878504.538,6918589.075,7024977.657,6918368.995,7252670.231,7479632.541,7809102.082,8556613.27,9398508.241,10185333.66,10937246.64,11614652.32,11955965.94,12234316.71,13251515.61,14227329.42,14590321.44,15080679.53,15081629.31,14889729.52,14891120.55,15201352.67,15662209.7,15918662.7
Uruguay,URY,CO2 emissions (kt),EN.ATM.CO2E.KT,3850,4370,4770,4490,4270,4690,5450,5560,5780,6780,5460,4950,4530.00021,4489.999771,5460.000038,5420.000076,6329.999924,5849.999905,7750,7670.000076,6280.00021,7610.000134,8520.000458,7360.000134,6500,6639.999866,6519.999981,6099.999905,6539.999962,6489.999771
United States,USA,CO2 emissions (kt),EN.ATM.CO2E.KT,4844520,4807500,4879630,4995210,5066810,5117040,5273490,5543350,5590540,5609020,5775810,5748260,5593029.785,5658990.234,5738290.039,5753490.234,5653080.078,5736319.824,5558379.883,5156430.176,5392109.863,5173600.098,4956060.059,5092100.098,5107209.961,4990709.961,4894500,4819370.117,4975310.059,4817720.215
Uzbekistan,UZB,CO2 emissions (kt),EN.ATM.CO2E.KT,117770,118580,113080,114590,108880,98150,99600,100730,116260,116490,123810,125700,129889.9994,121910.0037,124839.9963,119190.0024,127360.0006,122580.0018,128880.0049,116529.9988,126239.9979,128630.0049,113139.9994,111860.0006,104870.0027,99169.99817,105230.0034,109529.9988,112470.0012,116709.9991
St. Vincent and the Grenadines,VCT,CO2 emissions (kt),EN.ATM.CO2E.KT,80,90,120,130,140,150,150,160,190,190,160,200,230.0000042,230.0000042,250,250,250,270.0000107,250,889.9999857,250,270.0000107,360.0000143,230.0000042,270.0000107,250,259.9999905,230.0000042,250,259.9999905
"Venezuela, RB",VEN,CO2 emissions (kt),EN.ATM.CO2E.KT,101630,100990,103110,107390,106530,114040,121840,127590,129300,125460,131520,135800,140750,135770.0043,139610.0006,147380.0049,147529.9988,142389.9994,151110.0006,152589.9963,164100.0061,160039.9933,181130.0049,180429.9927,179240.0055,163130.0049,151070.0073,140820.0073,132130.0049,112339.9963
British Virgin Islands,VGB,CO2 emissions (kt),EN.ATM.CO2E.KT,,,,,,,,,,,,,,,,,,,,,,,,,,,,,,
Virgin Islands (U.S.),VIR,CO2 emissions (kt),EN.ATM.CO2E.KT,,,,,,,,,,,,,,,,,,,,,,,,,,,,,,
Vietnam,VNM,CO2 emissions (kt),EN.ATM.CO2E.KT,19330,19800,20810,24240,26680,31400,35030,40840,45470,46410,51210,56720,66500,70900.00153,85050.00305,92370.00275,94870.00275,105139.9994,117589.9963,132289.9933,151410.0037,155970.0012,155520.0043,164300.0031,180869.9951,220649.9939,223720.0012,230449.9969,285600.0061,336489.9902
Vanuatu,VUT,CO2 emissions (kt),EN.ATM.CO2E.KT,70,70,60,60,60,70,90,90,80,90,90,90,79.99999821,90.00000358,70.0000003,70.0000003,70.0000003,109.9999994,100.0000015,129.9999952,129.9999952,129.9999952,119.9999973,109.9999994,159.9999964,140.0000006,180.0000072,170.0000018,209.9999934,209.9999934
World,WLD,CO2 emissions (kt),EN.ATM.CO2E.KT,20625272.97,20766900.89,20796958.43,20937123.28,21052949.1,21652838.85,22110607.51,22492054.36,22613709.04,22720117.59,23445433.27,23845771.45,24165261.26,25285349.24,26434355.26,27414328.02,28302931.66,29368779.2,29595752.4,29267375.19,31043476.98,32021108.26,32460316.86,33119382.99,33198729.82,32995536.02,33018556.4,33514537.91,34289350.66,34344006.07
Samoa,WSM,CO2 emissions (kt),EN.ATM.CO2E.KT,90,100,100,110,100,120,130,130,150,150,150,160,170.0000018,170.0000018,189.9999976,209.9999934,200.000003,200.000003,170.0000018,180.0000072,189.9999976,200.000003,200.000003,200.000003,209.9999934,239.9999946,300.0000119,310.0000024,289.9999917,300.0000119
Kosovo,XKX,CO2 emissions (kt),EN.ATM.CO2E.KT,,,,,,,,,,,,,,,,,,,,,,,,,,,,,,
"Yemen, Rep.",YEM,CO2 emissions (kt),EN.ATM.CO2E.KT,6640,8500,9130,8550,9340,10530,10800,11640,12460,14060,15030,16070,16090.00015,18700.00076,19629.99916,21110.00061,21920.00008,23270.00046,24219.99931,26569.99969,25430.00031,22950.00076,21010.00023,27829.99992,27430.00031,13550.00019,10850.00038,10010.00023,9720.000267,11100.00038
South Africa,ZAF,CO2 emissions (kt),EN.ATM.CO2E.KT,247660,242330,238820,246490,252140,264310,274110,289030,296490,278410,284660,320540,331320.0073,353089.9963,379989.9902,377649.9939,379790.0085,397059.9976,426739.9902,404200.0122,425309.9976,409260.0098,426779.9988,436920.0134,447929.9927,424809.9976,425140.0146,435649.9939,434350.0061,439640.0146
Zambia,ZMB,CO2 emissions (kt),EN.ATM.CO2E.KT,2740,2880,2850,2510,2140,2130,1760,2290,2170,1760,1810,1840,1919.999957,2079.999924,2109.999895,2289.999962,2180.000067,1980.000019,2190.000057,2490.00001,2660.000086,3049.999952,4030.00021,4239.999771,4690.000057,4960.000038,5320.000172,6809.999943,7730.000019,6800.000191
Zimbabwe,ZWE,CO2 emissions (kt),EN.ATM.CO2E.KT,16540,18300,18470,17080,15960,15480,14860,13830,14070,15820,13700,13900,12489.99977,10180.00031,9770.000458,10510.00023,9829.999924,9760.000229,7599.999905,7750,9600.000381,11409.99985,12010.00023,12279.99973,12079.99992,12430.00031,11020.00046,10340.00015,12380.00011,11760.00023